/home/deli/Data/miniconda3/envs/mfl/lib/python3.10/site-packages/sklearn/metrics/_classification.py:534: UserWarning: A single label was found in 'y_true' and 'y_pred'. For the confusion matrix to have the correct shape, use the 'labels' parameter to pass all known labels.
  warnings.warn(
/home/deli/Data/miniconda3/envs/mfl/lib/python3.10/site-packages/sklearn/metrics/_classification.py:534: UserWarning: A single label was found in 'y_true' and 'y_pred'. For the confusion matrix to have the correct shape, use the 'labels' parameter to pass all known labels.
  warnings.warn(
/home/deli/Data/miniconda3/envs/mfl/lib/python3.10/site-packages/sklearn/metrics/_classification.py:534: UserWarning: A single label was found in 'y_true' and 'y_pred'. For the confusion matrix to have the correct shape, use the 'labels' parameter to pass all known labels.
  warnings.warn(
/home/deli/Data/miniconda3/envs/mfl/lib/python3.10/site-packages/sklearn/metrics/_ranking.py:424: UndefinedMetricWarning: Only one class is present in y_true. ROC AUC score is not defined in that case.
  warnings.warn(
/home/deli/Data/miniconda3/envs/mfl/lib/python3.10/site-packages/sklearn/metrics/_classification.py:534: UserWarning: A single label was found in 'y_true' and 'y_pred'. For the confusion matrix to have the correct shape, use the 'labels' parameter to pass all known labels.
  warnings.warn(
/home/deli/Data/miniconda3/envs/mfl/lib/python3.10/site-packages/sklearn/metrics/_ranking.py:424: UndefinedMetricWarning: Only one class is present in y_true. ROC AUC score is not defined in that case.
  warnings.warn(
/home/deli/Data/miniconda3/envs/mfl/lib/python3.10/site-packages/sklearn/metrics/_classification.py:534: UserWarning: A single label was found in 'y_true' and 'y_pred'. For the confusion matrix to have the correct shape, use the 'labels' parameter to pass all known labels.
  warnings.warn(
/home/deli/Data/miniconda3/envs/mfl/lib/python3.10/site-packages/sklearn/metrics/_ranking.py:424: UndefinedMetricWarning: Only one class is present in y_true. ROC AUC score is not defined in that case.
  warnings.warn(
/home/deli/Data/miniconda3/envs/mfl/lib/python3.10/site-packages/sklearn/metrics/_classification.py:534: UserWarning: A single label was found in 'y_true' and 'y_pred'. For the confusion matrix to have the correct shape, use the 'labels' parameter to pass all known labels.
  warnings.warn(
/home/deli/Data/miniconda3/envs/mfl/lib/python3.10/site-packages/sklearn/metrics/_classification.py:534: UserWarning: A single label was found in 'y_true' and 'y_pred'. For the confusion matrix to have the correct shape, use the 'labels' parameter to pass all known labels.
  warnings.warn(
/home/deli/Data/miniconda3/envs/mfl/lib/python3.10/site-packages/sklearn/metrics/_classification.py:534: UserWarning: A single label was found in 'y_true' and 'y_pred'. For the confusion matrix to have the correct shape, use the 'labels' parameter to pass all known labels.
  warnings.warn(
/home/deli/Data/miniconda3/envs/mfl/lib/python3.10/site-packages/sklearn/metrics/_ranking.py:424: UndefinedMetricWarning: Only one class is present in y_true. ROC AUC score is not defined in that case.
  warnings.warn(
/home/deli/Data/miniconda3/envs/mfl/lib/python3.10/site-packages/sklearn/metrics/_classification.py:534: UserWarning: A single label was found in 'y_true' and 'y_pred'. For the confusion matrix to have the correct shape, use the 'labels' parameter to pass all known labels.
  warnings.warn(
/home/deli/Data/miniconda3/envs/mfl/lib/python3.10/site-packages/sklearn/metrics/_ranking.py:424: UndefinedMetricWarning: Only one class is present in y_true. ROC AUC score is not defined in that case.
  warnings.warn(
/home/deli/Data/miniconda3/envs/mfl/lib/python3.10/site-packages/sklearn/metrics/_classification.py:534: UserWarning: A single label was found in 'y_true' and 'y_pred'. For the confusion matrix to have the correct shape, use the 'labels' parameter to pass all known labels.
  warnings.warn(
/home/deli/Data/miniconda3/envs/mfl/lib/python3.10/site-packages/sklearn/metrics/_ranking.py:424: UndefinedMetricWarning: Only one class is present in y_true. ROC AUC score is not defined in that case.
  warnings.warn(
/home/deli/Data/miniconda3/envs/mfl/lib/python3.10/site-packages/sklearn/metrics/_classification.py:2801: UserWarning: y_pred contains classes not in y_true
  warnings.warn("y_pred contains classes not in y_true")
/home/deli/Data/miniconda3/envs/mfl/lib/python3.10/site-packages/sklearn/metrics/_classification.py:2801: UserWarning: y_pred contains classes not in y_true
  warnings.warn("y_pred contains classes not in y_true")
/home/deli/Data/miniconda3/envs/mfl/lib/python3.10/site-packages/sklearn/metrics/_classification.py:2801: UserWarning: y_pred contains classes not in y_true
  warnings.warn("y_pred contains classes not in y_true")
/home/deli/Data/miniconda3/envs/mfl/lib/python3.10/site-packages/sklearn/metrics/_classification.py:2801: UserWarning: y_pred contains classes not in y_true
  warnings.warn("y_pred contains classes not in y_true")
/home/deli/Data/miniconda3/envs/mfl/lib/python3.10/site-packages/sklearn/metrics/_classification.py:2801: UserWarning: y_pred contains classes not in y_true
  warnings.warn("y_pred contains classes not in y_true")
/home/deli/Data/miniconda3/envs/mfl/lib/python3.10/site-packages/sklearn/metrics/_classification.py:2801: UserWarning: y_pred contains classes not in y_true
  warnings.warn("y_pred contains classes not in y_true")
/home/deli/Data/miniconda3/envs/mfl/lib/python3.10/site-packages/sklearn/metrics/_classification.py:534: UserWarning: A single label was found in 'y_true' and 'y_pred'. For the confusion matrix to have the correct shape, use the 'labels' parameter to pass all known labels.
  warnings.warn(
/home/deli/Data/miniconda3/envs/mfl/lib/python3.10/site-packages/sklearn/metrics/_classification.py:534: UserWarning: A single label was found in 'y_true' and 'y_pred'. For the confusion matrix to have the correct shape, use the 'labels' parameter to pass all known labels.
  warnings.warn(
/home/deli/Data/miniconda3/envs/mfl/lib/python3.10/site-packages/sklearn/metrics/_classification.py:534: UserWarning: A single label was found in 'y_true' and 'y_pred'. For the confusion matrix to have the correct shape, use the 'labels' parameter to pass all known labels.
  warnings.warn(
/home/deli/Data/miniconda3/envs/mfl/lib/python3.10/site-packages/sklearn/metrics/_ranking.py:424: UndefinedMetricWarning: Only one class is present in y_true. ROC AUC score is not defined in that case.
  warnings.warn(
/home/deli/Data/miniconda3/envs/mfl/lib/python3.10/site-packages/sklearn/metrics/_classification.py:534: UserWarning: A single label was found in 'y_true' and 'y_pred'. For the confusion matrix to have the correct shape, use the 'labels' parameter to pass all known labels.
  warnings.warn(
/home/deli/Data/miniconda3/envs/mfl/lib/python3.10/site-packages/sklearn/metrics/_ranking.py:424: UndefinedMetricWarning: Only one class is present in y_true. ROC AUC score is not defined in that case.
  warnings.warn(
/home/deli/Data/miniconda3/envs/mfl/lib/python3.10/site-packages/sklearn/metrics/_classification.py:534: UserWarning: A single label was found in 'y_true' and 'y_pred'. For the confusion matrix to have the correct shape, use the 'labels' parameter to pass all known labels.
  warnings.warn(
/home/deli/Data/miniconda3/envs/mfl/lib/python3.10/site-packages/sklearn/metrics/_ranking.py:424: UndefinedMetricWarning: Only one class is present in y_true. ROC AUC score is not defined in that case.
  warnings.warn(
/home/deli/Data/miniconda3/envs/mfl/lib/python3.10/site-packages/sklearn/metrics/_classification.py:534: UserWarning: A single label was found in 'y_true' and 'y_pred'. For the confusion matrix to have the correct shape, use the 'labels' parameter to pass all known labels.
  warnings.warn(
/home/deli/Data/miniconda3/envs/mfl/lib/python3.10/site-packages/sklearn/metrics/_classification.py:534: UserWarning: A single label was found in 'y_true' and 'y_pred'. For the confusion matrix to have the correct shape, use the 'labels' parameter to pass all known labels.
  warnings.warn(
/home/deli/Data/miniconda3/envs/mfl/lib/python3.10/site-packages/sklearn/metrics/_classification.py:534: UserWarning: A single label was found in 'y_true' and 'y_pred'. For the confusion matrix to have the correct shape, use the 'labels' parameter to pass all known labels.
  warnings.warn(
/home/deli/Data/miniconda3/envs/mfl/lib/python3.10/site-packages/sklearn/metrics/_ranking.py:424: UndefinedMetricWarning: Only one class is present in y_true. ROC AUC score is not defined in that case.
  warnings.warn(
/home/deli/Data/miniconda3/envs/mfl/lib/python3.10/site-packages/sklearn/metrics/_classification.py:534: UserWarning: A single label was found in 'y_true' and 'y_pred'. For the confusion matrix to have the correct shape, use the 'labels' parameter to pass all known labels.
  warnings.warn(
/home/deli/Data/miniconda3/envs/mfl/lib/python3.10/site-packages/sklearn/metrics/_ranking.py:424: UndefinedMetricWarning: Only one class is present in y_true. ROC AUC score is not defined in that case.
  warnings.warn(
/home/deli/Data/miniconda3/envs/mfl/lib/python3.10/site-packages/sklearn/metrics/_classification.py:534: UserWarning: A single label was found in 'y_true' and 'y_pred'. For the confusion matrix to have the correct shape, use the 'labels' parameter to pass all known labels.
  warnings.warn(
/home/deli/Data/miniconda3/envs/mfl/lib/python3.10/site-packages/sklearn/metrics/_ranking.py:424: UndefinedMetricWarning: Only one class is present in y_true. ROC AUC score is not defined in that case.
  warnings.warn(
/home/deli/Data/miniconda3/envs/mfl/lib/python3.10/site-packages/sklearn/metrics/_classification.py:534: UserWarning: A single label was found in 'y_true' and 'y_pred'. For the confusion matrix to have the correct shape, use the 'labels' parameter to pass all known labels.
  warnings.warn(
/home/deli/Data/miniconda3/envs/mfl/lib/python3.10/site-packages/sklearn/metrics/_classification.py:534: UserWarning: A single label was found in 'y_true' and 'y_pred'. For the confusion matrix to have the correct shape, use the 'labels' parameter to pass all known labels.
  warnings.warn(
/home/deli/Data/miniconda3/envs/mfl/lib/python3.10/site-packages/sklearn/metrics/_classification.py:534: UserWarning: A single label was found in 'y_true' and 'y_pred'. For the confusion matrix to have the correct shape, use the 'labels' parameter to pass all known labels.
  warnings.warn(
/home/deli/Data/miniconda3/envs/mfl/lib/python3.10/site-packages/sklearn/metrics/_ranking.py:424: UndefinedMetricWarning: Only one class is present in y_true. ROC AUC score is not defined in that case.
  warnings.warn(
/home/deli/Data/miniconda3/envs/mfl/lib/python3.10/site-packages/sklearn/metrics/_classification.py:534: UserWarning: A single label was found in 'y_true' and 'y_pred'. For the confusion matrix to have the correct shape, use the 'labels' parameter to pass all known labels.
  warnings.warn(
/home/deli/Data/miniconda3/envs/mfl/lib/python3.10/site-packages/sklearn/metrics/_ranking.py:424: UndefinedMetricWarning: Only one class is present in y_true. ROC AUC score is not defined in that case.
  warnings.warn(
/home/deli/Data/miniconda3/envs/mfl/lib/python3.10/site-packages/sklearn/metrics/_classification.py:534: UserWarning: A single label was found in 'y_true' and 'y_pred'. For the confusion matrix to have the correct shape, use the 'labels' parameter to pass all known labels.
  warnings.warn(
/home/deli/Data/miniconda3/envs/mfl/lib/python3.10/site-packages/sklearn/metrics/_ranking.py:424: UndefinedMetricWarning: Only one class is present in y_true. ROC AUC score is not defined in that case.
  warnings.warn(
/home/deli/Data/miniconda3/envs/mfl/lib/python3.10/site-packages/sklearn/metrics/_classification.py:2801: UserWarning: y_pred contains classes not in y_true
  warnings.warn("y_pred contains classes not in y_true")
/home/deli/Data/miniconda3/envs/mfl/lib/python3.10/site-packages/sklearn/metrics/_classification.py:2801: UserWarning: y_pred contains classes not in y_true
  warnings.warn("y_pred contains classes not in y_true")
/home/deli/Data/miniconda3/envs/mfl/lib/python3.10/site-packages/sklearn/metrics/_classification.py:2801: UserWarning: y_pred contains classes not in y_true
  warnings.warn("y_pred contains classes not in y_true")
/home/deli/Data/miniconda3/envs/mfl/lib/python3.10/site-packages/sklearn/metrics/_classification.py:2801: UserWarning: y_pred contains classes not in y_true
  warnings.warn("y_pred contains classes not in y_true")
/home/deli/Data/miniconda3/envs/mfl/lib/python3.10/site-packages/sklearn/metrics/_classification.py:2801: UserWarning: y_pred contains classes not in y_true
  warnings.warn("y_pred contains classes not in y_true")
/home/deli/Data/miniconda3/envs/mfl/lib/python3.10/site-packages/sklearn/metrics/_classification.py:2801: UserWarning: y_pred contains classes not in y_true
  warnings.warn("y_pred contains classes not in y_true")
/home/deli/Data/miniconda3/envs/mfl/lib/python3.10/site-packages/sklearn/metrics/_classification.py:534: UserWarning: A single label was found in 'y_true' and 'y_pred'. For the confusion matrix to have the correct shape, use the 'labels' parameter to pass all known labels.
  warnings.warn(
/home/deli/Data/miniconda3/envs/mfl/lib/python3.10/site-packages/sklearn/metrics/_classification.py:534: UserWarning: A single label was found in 'y_true' and 'y_pred'. For the confusion matrix to have the correct shape, use the 'labels' parameter to pass all known labels.
  warnings.warn(
/home/deli/Data/miniconda3/envs/mfl/lib/python3.10/site-packages/sklearn/metrics/_classification.py:534: UserWarning: A single label was found in 'y_true' and 'y_pred'. For the confusion matrix to have the correct shape, use the 'labels' parameter to pass all known labels.
  warnings.warn(
/home/deli/Data/miniconda3/envs/mfl/lib/python3.10/site-packages/sklearn/metrics/_ranking.py:424: UndefinedMetricWarning: Only one class is present in y_true. ROC AUC score is not defined in that case.
  warnings.warn(
/home/deli/Data/miniconda3/envs/mfl/lib/python3.10/site-packages/sklearn/metrics/_classification.py:534: UserWarning: A single label was found in 'y_true' and 'y_pred'. For the confusion matrix to have the correct shape, use the 'labels' parameter to pass all known labels.
  warnings.warn(
/home/deli/Data/miniconda3/envs/mfl/lib/python3.10/site-packages/sklearn/metrics/_ranking.py:424: UndefinedMetricWarning: Only one class is present in y_true. ROC AUC score is not defined in that case.
  warnings.warn(
/home/deli/Data/miniconda3/envs/mfl/lib/python3.10/site-packages/sklearn/metrics/_classification.py:534: UserWarning: A single label was found in 'y_true' and 'y_pred'. For the confusion matrix to have the correct shape, use the 'labels' parameter to pass all known labels.
  warnings.warn(
/home/deli/Data/miniconda3/envs/mfl/lib/python3.10/site-packages/sklearn/metrics/_ranking.py:424: UndefinedMetricWarning: Only one class is present in y_true. ROC AUC score is not defined in that case.
  warnings.warn(
/home/deli/Data/miniconda3/envs/mfl/lib/python3.10/site-packages/sklearn/metrics/_classification.py:534: UserWarning: A single label was found in 'y_true' and 'y_pred'. For the confusion matrix to have the correct shape, use the 'labels' parameter to pass all known labels.
  warnings.warn(
/home/deli/Data/miniconda3/envs/mfl/lib/python3.10/site-packages/sklearn/metrics/_classification.py:534: UserWarning: A single label was found in 'y_true' and 'y_pred'. For the confusion matrix to have the correct shape, use the 'labels' parameter to pass all known labels.
  warnings.warn(
/home/deli/Data/miniconda3/envs/mfl/lib/python3.10/site-packages/sklearn/metrics/_classification.py:534: UserWarning: A single label was found in 'y_true' and 'y_pred'. For the confusion matrix to have the correct shape, use the 'labels' parameter to pass all known labels.
  warnings.warn(
/home/deli/Data/miniconda3/envs/mfl/lib/python3.10/site-packages/sklearn/metrics/_ranking.py:424: UndefinedMetricWarning: Only one class is present in y_true. ROC AUC score is not defined in that case.
  warnings.warn(
/home/deli/Data/miniconda3/envs/mfl/lib/python3.10/site-packages/sklearn/metrics/_classification.py:534: UserWarning: A single label was found in 'y_true' and 'y_pred'. For the confusion matrix to have the correct shape, use the 'labels' parameter to pass all known labels.
  warnings.warn(
/home/deli/Data/miniconda3/envs/mfl/lib/python3.10/site-packages/sklearn/metrics/_ranking.py:424: UndefinedMetricWarning: Only one class is present in y_true. ROC AUC score is not defined in that case.
  warnings.warn(
/home/deli/Data/miniconda3/envs/mfl/lib/python3.10/site-packages/sklearn/metrics/_classification.py:534: UserWarning: A single label was found in 'y_true' and 'y_pred'. For the confusion matrix to have the correct shape, use the 'labels' parameter to pass all known labels.
  warnings.warn(
/home/deli/Data/miniconda3/envs/mfl/lib/python3.10/site-packages/sklearn/metrics/_ranking.py:424: UndefinedMetricWarning: Only one class is present in y_true. ROC AUC score is not defined in that case.
  warnings.warn(
/home/deli/Data/miniconda3/envs/mfl/lib/python3.10/site-packages/sklearn/metrics/_classification.py:2801: UserWarning: y_pred contains classes not in y_true
  warnings.warn("y_pred contains classes not in y_true")
/home/deli/Data/miniconda3/envs/mfl/lib/python3.10/site-packages/sklearn/metrics/_classification.py:2801: UserWarning: y_pred contains classes not in y_true
  warnings.warn("y_pred contains classes not in y_true")
/home/deli/Data/miniconda3/envs/mfl/lib/python3.10/site-packages/sklearn/metrics/_classification.py:2801: UserWarning: y_pred contains classes not in y_true
  warnings.warn("y_pred contains classes not in y_true")
/home/deli/Data/miniconda3/envs/mfl/lib/python3.10/site-packages/sklearn/metrics/_classification.py:2801: UserWarning: y_pred contains classes not in y_true
  warnings.warn("y_pred contains classes not in y_true")
/home/deli/Data/miniconda3/envs/mfl/lib/python3.10/site-packages/sklearn/metrics/_classification.py:2801: UserWarning: y_pred contains classes not in y_true
  warnings.warn("y_pred contains classes not in y_true")
/home/deli/Data/miniconda3/envs/mfl/lib/python3.10/site-packages/sklearn/metrics/_classification.py:2801: UserWarning: y_pred contains classes not in y_true
  warnings.warn("y_pred contains classes not in y_true")
/home/deli/Data/miniconda3/envs/mfl/lib/python3.10/site-packages/sklearn/metrics/_classification.py:2801: UserWarning: y_pred contains classes not in y_true
  warnings.warn("y_pred contains classes not in y_true")
/home/deli/Data/miniconda3/envs/mfl/lib/python3.10/site-packages/sklearn/metrics/_classification.py:2801: UserWarning: y_pred contains classes not in y_true
  warnings.warn("y_pred contains classes not in y_true")
/home/deli/Data/miniconda3/envs/mfl/lib/python3.10/site-packages/sklearn/metrics/_classification.py:2801: UserWarning: y_pred contains classes not in y_true
  warnings.warn("y_pred contains classes not in y_true")
/home/deli/Data/miniconda3/envs/mfl/lib/python3.10/site-packages/sklearn/metrics/_classification.py:534: UserWarning: A single label was found in 'y_true' and 'y_pred'. For the confusion matrix to have the correct shape, use the 'labels' parameter to pass all known labels.
  warnings.warn(
/home/deli/Data/miniconda3/envs/mfl/lib/python3.10/site-packages/sklearn/metrics/_classification.py:534: UserWarning: A single label was found in 'y_true' and 'y_pred'. For the confusion matrix to have the correct shape, use the 'labels' parameter to pass all known labels.
  warnings.warn(
/home/deli/Data/miniconda3/envs/mfl/lib/python3.10/site-packages/sklearn/metrics/_classification.py:534: UserWarning: A single label was found in 'y_true' and 'y_pred'. For the confusion matrix to have the correct shape, use the 'labels' parameter to pass all known labels.
  warnings.warn(
/home/deli/Data/miniconda3/envs/mfl/lib/python3.10/site-packages/sklearn/metrics/_ranking.py:424: UndefinedMetricWarning: Only one class is present in y_true. ROC AUC score is not defined in that case.
  warnings.warn(
/home/deli/Data/miniconda3/envs/mfl/lib/python3.10/site-packages/sklearn/metrics/_classification.py:534: UserWarning: A single label was found in 'y_true' and 'y_pred'. For the confusion matrix to have the correct shape, use the 'labels' parameter to pass all known labels.
  warnings.warn(
/home/deli/Data/miniconda3/envs/mfl/lib/python3.10/site-packages/sklearn/metrics/_ranking.py:424: UndefinedMetricWarning: Only one class is present in y_true. ROC AUC score is not defined in that case.
  warnings.warn(
/home/deli/Data/miniconda3/envs/mfl/lib/python3.10/site-packages/sklearn/metrics/_classification.py:534: UserWarning: A single label was found in 'y_true' and 'y_pred'. For the confusion matrix to have the correct shape, use the 'labels' parameter to pass all known labels.
  warnings.warn(
/home/deli/Data/miniconda3/envs/mfl/lib/python3.10/site-packages/sklearn/metrics/_ranking.py:424: UndefinedMetricWarning: Only one class is present in y_true. ROC AUC score is not defined in that case.
  warnings.warn(
/home/deli/Data/miniconda3/envs/mfl/lib/python3.10/site-packages/sklearn/metrics/_classification.py:534: UserWarning: A single label was found in 'y_true' and 'y_pred'. For the confusion matrix to have the correct shape, use the 'labels' parameter to pass all known labels.
  warnings.warn(
/home/deli/Data/miniconda3/envs/mfl/lib/python3.10/site-packages/sklearn/metrics/_classification.py:534: UserWarning: A single label was found in 'y_true' and 'y_pred'. For the confusion matrix to have the correct shape, use the 'labels' parameter to pass all known labels.
  warnings.warn(
/home/deli/Data/miniconda3/envs/mfl/lib/python3.10/site-packages/sklearn/metrics/_classification.py:534: UserWarning: A single label was found in 'y_true' and 'y_pred'. For the confusion matrix to have the correct shape, use the 'labels' parameter to pass all known labels.
  warnings.warn(
/home/deli/Data/miniconda3/envs/mfl/lib/python3.10/site-packages/sklearn/metrics/_ranking.py:424: UndefinedMetricWarning: Only one class is present in y_true. ROC AUC score is not defined in that case.
  warnings.warn(
/home/deli/Data/miniconda3/envs/mfl/lib/python3.10/site-packages/sklearn/metrics/_classification.py:534: UserWarning: A single label was found in 'y_true' and 'y_pred'. For the confusion matrix to have the correct shape, use the 'labels' parameter to pass all known labels.
  warnings.warn(
/home/deli/Data/miniconda3/envs/mfl/lib/python3.10/site-packages/sklearn/metrics/_ranking.py:424: UndefinedMetricWarning: Only one class is present in y_true. ROC AUC score is not defined in that case.
  warnings.warn(
/home/deli/Data/miniconda3/envs/mfl/lib/python3.10/site-packages/sklearn/metrics/_classification.py:534: UserWarning: A single label was found in 'y_true' and 'y_pred'. For the confusion matrix to have the correct shape, use the 'labels' parameter to pass all known labels.
  warnings.warn(
/home/deli/Data/miniconda3/envs/mfl/lib/python3.10/site-packages/sklearn/metrics/_ranking.py:424: UndefinedMetricWarning: Only one class is present in y_true. ROC AUC score is not defined in that case.
  warnings.warn(
/home/deli/Data/miniconda3/envs/mfl/lib/python3.10/site-packages/sklearn/metrics/_classification.py:534: UserWarning: A single label was found in 'y_true' and 'y_pred'. For the confusion matrix to have the correct shape, use the 'labels' parameter to pass all known labels.
  warnings.warn(
/home/deli/Data/miniconda3/envs/mfl/lib/python3.10/site-packages/sklearn/metrics/_classification.py:534: UserWarning: A single label was found in 'y_true' and 'y_pred'. For the confusion matrix to have the correct shape, use the 'labels' parameter to pass all known labels.
  warnings.warn(
/home/deli/Data/miniconda3/envs/mfl/lib/python3.10/site-packages/sklearn/metrics/_classification.py:534: UserWarning: A single label was found in 'y_true' and 'y_pred'. For the confusion matrix to have the correct shape, use the 'labels' parameter to pass all known labels.
  warnings.warn(
/home/deli/Data/miniconda3/envs/mfl/lib/python3.10/site-packages/sklearn/metrics/_ranking.py:424: UndefinedMetricWarning: Only one class is present in y_true. ROC AUC score is not defined in that case.
  warnings.warn(
/home/deli/Data/miniconda3/envs/mfl/lib/python3.10/site-packages/sklearn/metrics/_classification.py:534: UserWarning: A single label was found in 'y_true' and 'y_pred'. For the confusion matrix to have the correct shape, use the 'labels' parameter to pass all known labels.
  warnings.warn(
/home/deli/Data/miniconda3/envs/mfl/lib/python3.10/site-packages/sklearn/metrics/_ranking.py:424: UndefinedMetricWarning: Only one class is present in y_true. ROC AUC score is not defined in that case.
  warnings.warn(
/home/deli/Data/miniconda3/envs/mfl/lib/python3.10/site-packages/sklearn/metrics/_classification.py:534: UserWarning: A single label was found in 'y_true' and 'y_pred'. For the confusion matrix to have the correct shape, use the 'labels' parameter to pass all known labels.
  warnings.warn(
/home/deli/Data/miniconda3/envs/mfl/lib/python3.10/site-packages/sklearn/metrics/_ranking.py:424: UndefinedMetricWarning: Only one class is present in y_true. ROC AUC score is not defined in that case.
  warnings.warn(
/home/deli/Data/miniconda3/envs/mfl/lib/python3.10/site-packages/sklearn/metrics/_classification.py:2801: UserWarning: y_pred contains classes not in y_true
  warnings.warn("y_pred contains classes not in y_true")
/home/deli/Data/miniconda3/envs/mfl/lib/python3.10/site-packages/sklearn/metrics/_classification.py:2801: UserWarning: y_pred contains classes not in y_true
  warnings.warn("y_pred contains classes not in y_true")
/home/deli/Data/miniconda3/envs/mfl/lib/python3.10/site-packages/sklearn/metrics/_classification.py:2801: UserWarning: y_pred contains classes not in y_true
  warnings.warn("y_pred contains classes not in y_true")
/home/deli/Data/miniconda3/envs/mfl/lib/python3.10/site-packages/sklearn/metrics/_classification.py:2801: UserWarning: y_pred contains classes not in y_true
  warnings.warn("y_pred contains classes not in y_true")
/home/deli/Data/miniconda3/envs/mfl/lib/python3.10/site-packages/sklearn/metrics/_classification.py:2801: UserWarning: y_pred contains classes not in y_true
  warnings.warn("y_pred contains classes not in y_true")
/home/deli/Data/miniconda3/envs/mfl/lib/python3.10/site-packages/sklearn/metrics/_classification.py:2801: UserWarning: y_pred contains classes not in y_true
  warnings.warn("y_pred contains classes not in y_true")
/home/deli/Data/miniconda3/envs/mfl/lib/python3.10/site-packages/sklearn/metrics/_classification.py:2801: UserWarning: y_pred contains classes not in y_true
  warnings.warn("y_pred contains classes not in y_true")
/home/deli/Data/miniconda3/envs/mfl/lib/python3.10/site-packages/sklearn/metrics/_classification.py:2801: UserWarning: y_pred contains classes not in y_true
  warnings.warn("y_pred contains classes not in y_true")
/home/deli/Data/miniconda3/envs/mfl/lib/python3.10/site-packages/sklearn/metrics/_classification.py:2801: UserWarning: y_pred contains classes not in y_true
  warnings.warn("y_pred contains classes not in y_true")
/home/deli/Data/miniconda3/envs/mfl/lib/python3.10/site-packages/sklearn/metrics/_classification.py:534: UserWarning: A single label was found in 'y_true' and 'y_pred'. For the confusion matrix to have the correct shape, use the 'labels' parameter to pass all known labels.
  warnings.warn(
/home/deli/Data/miniconda3/envs/mfl/lib/python3.10/site-packages/sklearn/metrics/_classification.py:534: UserWarning: A single label was found in 'y_true' and 'y_pred'. For the confusion matrix to have the correct shape, use the 'labels' parameter to pass all known labels.
  warnings.warn(
/home/deli/Data/miniconda3/envs/mfl/lib/python3.10/site-packages/sklearn/metrics/_classification.py:534: UserWarning: A single label was found in 'y_true' and 'y_pred'. For the confusion matrix to have the correct shape, use the 'labels' parameter to pass all known labels.
  warnings.warn(
/home/deli/Data/miniconda3/envs/mfl/lib/python3.10/site-packages/sklearn/metrics/_ranking.py:424: UndefinedMetricWarning: Only one class is present in y_true. ROC AUC score is not defined in that case.
  warnings.warn(
/home/deli/Data/miniconda3/envs/mfl/lib/python3.10/site-packages/sklearn/metrics/_classification.py:534: UserWarning: A single label was found in 'y_true' and 'y_pred'. For the confusion matrix to have the correct shape, use the 'labels' parameter to pass all known labels.
  warnings.warn(
/home/deli/Data/miniconda3/envs/mfl/lib/python3.10/site-packages/sklearn/metrics/_ranking.py:424: UndefinedMetricWarning: Only one class is present in y_true. ROC AUC score is not defined in that case.
  warnings.warn(
/home/deli/Data/miniconda3/envs/mfl/lib/python3.10/site-packages/sklearn/metrics/_classification.py:534: UserWarning: A single label was found in 'y_true' and 'y_pred'. For the confusion matrix to have the correct shape, use the 'labels' parameter to pass all known labels.
  warnings.warn(
/home/deli/Data/miniconda3/envs/mfl/lib/python3.10/site-packages/sklearn/metrics/_ranking.py:424: UndefinedMetricWarning: Only one class is present in y_true. ROC AUC score is not defined in that case.
  warnings.warn(
/home/deli/Data/miniconda3/envs/mfl/lib/python3.10/site-packages/sklearn/metrics/_classification.py:534: UserWarning: A single label was found in 'y_true' and 'y_pred'. For the confusion matrix to have the correct shape, use the 'labels' parameter to pass all known labels.
  warnings.warn(
/home/deli/Data/miniconda3/envs/mfl/lib/python3.10/site-packages/sklearn/metrics/_classification.py:534: UserWarning: A single label was found in 'y_true' and 'y_pred'. For the confusion matrix to have the correct shape, use the 'labels' parameter to pass all known labels.
  warnings.warn(
/home/deli/Data/miniconda3/envs/mfl/lib/python3.10/site-packages/sklearn/metrics/_classification.py:534: UserWarning: A single label was found in 'y_true' and 'y_pred'. For the confusion matrix to have the correct shape, use the 'labels' parameter to pass all known labels.
  warnings.warn(
/home/deli/Data/miniconda3/envs/mfl/lib/python3.10/site-packages/sklearn/metrics/_ranking.py:424: UndefinedMetricWarning: Only one class is present in y_true. ROC AUC score is not defined in that case.
  warnings.warn(
/home/deli/Data/miniconda3/envs/mfl/lib/python3.10/site-packages/sklearn/metrics/_classification.py:534: UserWarning: A single label was found in 'y_true' and 'y_pred'. For the confusion matrix to have the correct shape, use the 'labels' parameter to pass all known labels.
  warnings.warn(
/home/deli/Data/miniconda3/envs/mfl/lib/python3.10/site-packages/sklearn/metrics/_ranking.py:424: UndefinedMetricWarning: Only one class is present in y_true. ROC AUC score is not defined in that case.
  warnings.warn(
/home/deli/Data/miniconda3/envs/mfl/lib/python3.10/site-packages/sklearn/metrics/_classification.py:534: UserWarning: A single label was found in 'y_true' and 'y_pred'. For the confusion matrix to have the correct shape, use the 'labels' parameter to pass all known labels.
  warnings.warn(
/home/deli/Data/miniconda3/envs/mfl/lib/python3.10/site-packages/sklearn/metrics/_ranking.py:424: UndefinedMetricWarning: Only one class is present in y_true. ROC AUC score is not defined in that case.
  warnings.warn(
/home/deli/Data/miniconda3/envs/mfl/lib/python3.10/site-packages/sklearn/metrics/_classification.py:2801: UserWarning: y_pred contains classes not in y_true
  warnings.warn("y_pred contains classes not in y_true")
/home/deli/Data/miniconda3/envs/mfl/lib/python3.10/site-packages/sklearn/metrics/_classification.py:2801: UserWarning: y_pred contains classes not in y_true
  warnings.warn("y_pred contains classes not in y_true")
/home/deli/Data/miniconda3/envs/mfl/lib/python3.10/site-packages/sklearn/metrics/_classification.py:2801: UserWarning: y_pred contains classes not in y_true
  warnings.warn("y_pred contains classes not in y_true")
/home/deli/Data/miniconda3/envs/mfl/lib/python3.10/site-packages/sklearn/metrics/_classification.py:2801: UserWarning: y_pred contains classes not in y_true
  warnings.warn("y_pred contains classes not in y_true")
/home/deli/Data/miniconda3/envs/mfl/lib/python3.10/site-packages/sklearn/metrics/_classification.py:2801: UserWarning: y_pred contains classes not in y_true
  warnings.warn("y_pred contains classes not in y_true")
/home/deli/Data/miniconda3/envs/mfl/lib/python3.10/site-packages/sklearn/metrics/_classification.py:2801: UserWarning: y_pred contains classes not in y_true
  warnings.warn("y_pred contains classes not in y_true")
/home/deli/Data/miniconda3/envs/mfl/lib/python3.10/site-packages/sklearn/metrics/_classification.py:2801: UserWarning: y_pred contains classes not in y_true
  warnings.warn("y_pred contains classes not in y_true")
/home/deli/Data/miniconda3/envs/mfl/lib/python3.10/site-packages/sklearn/metrics/_classification.py:2801: UserWarning: y_pred contains classes not in y_true
  warnings.warn("y_pred contains classes not in y_true")
/home/deli/Data/miniconda3/envs/mfl/lib/python3.10/site-packages/sklearn/metrics/_classification.py:2801: UserWarning: y_pred contains classes not in y_true
  warnings.warn("y_pred contains classes not in y_true")
/home/deli/Data/miniconda3/envs/mfl/lib/python3.10/site-packages/sklearn/metrics/_classification.py:534: UserWarning: A single label was found in 'y_true' and 'y_pred'. For the confusion matrix to have the correct shape, use the 'labels' parameter to pass all known labels.
  warnings.warn(
/home/deli/Data/miniconda3/envs/mfl/lib/python3.10/site-packages/sklearn/metrics/_classification.py:534: UserWarning: A single label was found in 'y_true' and 'y_pred'. For the confusion matrix to have the correct shape, use the 'labels' parameter to pass all known labels.
  warnings.warn(
/home/deli/Data/miniconda3/envs/mfl/lib/python3.10/site-packages/sklearn/metrics/_classification.py:534: UserWarning: A single label was found in 'y_true' and 'y_pred'. For the confusion matrix to have the correct shape, use the 'labels' parameter to pass all known labels.
  warnings.warn(
/home/deli/Data/miniconda3/envs/mfl/lib/python3.10/site-packages/sklearn/metrics/_ranking.py:424: UndefinedMetricWarning: Only one class is present in y_true. ROC AUC score is not defined in that case.
  warnings.warn(
/home/deli/Data/miniconda3/envs/mfl/lib/python3.10/site-packages/sklearn/metrics/_classification.py:534: UserWarning: A single label was found in 'y_true' and 'y_pred'. For the confusion matrix to have the correct shape, use the 'labels' parameter to pass all known labels.
  warnings.warn(
/home/deli/Data/miniconda3/envs/mfl/lib/python3.10/site-packages/sklearn/metrics/_ranking.py:424: UndefinedMetricWarning: Only one class is present in y_true. ROC AUC score is not defined in that case.
  warnings.warn(
/home/deli/Data/miniconda3/envs/mfl/lib/python3.10/site-packages/sklearn/metrics/_classification.py:534: UserWarning: A single label was found in 'y_true' and 'y_pred'. For the confusion matrix to have the correct shape, use the 'labels' parameter to pass all known labels.
  warnings.warn(
/home/deli/Data/miniconda3/envs/mfl/lib/python3.10/site-packages/sklearn/metrics/_ranking.py:424: UndefinedMetricWarning: Only one class is present in y_true. ROC AUC score is not defined in that case.
  warnings.warn(
/home/deli/Data/miniconda3/envs/mfl/lib/python3.10/site-packages/sklearn/metrics/_classification.py:534: UserWarning: A single label was found in 'y_true' and 'y_pred'. For the confusion matrix to have the correct shape, use the 'labels' parameter to pass all known labels.
  warnings.warn(
/home/deli/Data/miniconda3/envs/mfl/lib/python3.10/site-packages/sklearn/metrics/_classification.py:534: UserWarning: A single label was found in 'y_true' and 'y_pred'. For the confusion matrix to have the correct shape, use the 'labels' parameter to pass all known labels.
  warnings.warn(
/home/deli/Data/miniconda3/envs/mfl/lib/python3.10/site-packages/sklearn/metrics/_classification.py:534: UserWarning: A single label was found in 'y_true' and 'y_pred'. For the confusion matrix to have the correct shape, use the 'labels' parameter to pass all known labels.
  warnings.warn(
/home/deli/Data/miniconda3/envs/mfl/lib/python3.10/site-packages/sklearn/metrics/_ranking.py:424: UndefinedMetricWarning: Only one class is present in y_true. ROC AUC score is not defined in that case.
  warnings.warn(
/home/deli/Data/miniconda3/envs/mfl/lib/python3.10/site-packages/sklearn/metrics/_classification.py:534: UserWarning: A single label was found in 'y_true' and 'y_pred'. For the confusion matrix to have the correct shape, use the 'labels' parameter to pass all known labels.
  warnings.warn(
/home/deli/Data/miniconda3/envs/mfl/lib/python3.10/site-packages/sklearn/metrics/_ranking.py:424: UndefinedMetricWarning: Only one class is present in y_true. ROC AUC score is not defined in that case.
  warnings.warn(
/home/deli/Data/miniconda3/envs/mfl/lib/python3.10/site-packages/sklearn/metrics/_classification.py:534: UserWarning: A single label was found in 'y_true' and 'y_pred'. For the confusion matrix to have the correct shape, use the 'labels' parameter to pass all known labels.
  warnings.warn(
/home/deli/Data/miniconda3/envs/mfl/lib/python3.10/site-packages/sklearn/metrics/_ranking.py:424: UndefinedMetricWarning: Only one class is present in y_true. ROC AUC score is not defined in that case.
  warnings.warn(
/home/deli/Data/miniconda3/envs/mfl/lib/python3.10/site-packages/sklearn/metrics/_classification.py:534: UserWarning: A single label was found in 'y_true' and 'y_pred'. For the confusion matrix to have the correct shape, use the 'labels' parameter to pass all known labels.
  warnings.warn(
/home/deli/Data/miniconda3/envs/mfl/lib/python3.10/site-packages/sklearn/metrics/_classification.py:534: UserWarning: A single label was found in 'y_true' and 'y_pred'. For the confusion matrix to have the correct shape, use the 'labels' parameter to pass all known labels.
  warnings.warn(
/home/deli/Data/miniconda3/envs/mfl/lib/python3.10/site-packages/sklearn/metrics/_classification.py:534: UserWarning: A single label was found in 'y_true' and 'y_pred'. For the confusion matrix to have the correct shape, use the 'labels' parameter to pass all known labels.
  warnings.warn(
/home/deli/Data/miniconda3/envs/mfl/lib/python3.10/site-packages/sklearn/metrics/_ranking.py:424: UndefinedMetricWarning: Only one class is present in y_true. ROC AUC score is not defined in that case.
  warnings.warn(
/home/deli/Data/miniconda3/envs/mfl/lib/python3.10/site-packages/sklearn/metrics/_classification.py:534: UserWarning: A single label was found in 'y_true' and 'y_pred'. For the confusion matrix to have the correct shape, use the 'labels' parameter to pass all known labels.
  warnings.warn(
/home/deli/Data/miniconda3/envs/mfl/lib/python3.10/site-packages/sklearn/metrics/_ranking.py:424: UndefinedMetricWarning: Only one class is present in y_true. ROC AUC score is not defined in that case.
  warnings.warn(
/home/deli/Data/miniconda3/envs/mfl/lib/python3.10/site-packages/sklearn/metrics/_classification.py:534: UserWarning: A single label was found in 'y_true' and 'y_pred'. For the confusion matrix to have the correct shape, use the 'labels' parameter to pass all known labels.
  warnings.warn(
/home/deli/Data/miniconda3/envs/mfl/lib/python3.10/site-packages/sklearn/metrics/_ranking.py:424: UndefinedMetricWarning: Only one class is present in y_true. ROC AUC score is not defined in that case.
  warnings.warn(
/home/deli/Data/miniconda3/envs/mfl/lib/python3.10/site-packages/sklearn/metrics/_classification.py:2801: UserWarning: y_pred contains classes not in y_true
  warnings.warn("y_pred contains classes not in y_true")
/home/deli/Data/miniconda3/envs/mfl/lib/python3.10/site-packages/sklearn/metrics/_classification.py:2801: UserWarning: y_pred contains classes not in y_true
  warnings.warn("y_pred contains classes not in y_true")
/home/deli/Data/miniconda3/envs/mfl/lib/python3.10/site-packages/sklearn/metrics/_classification.py:2801: UserWarning: y_pred contains classes not in y_true
  warnings.warn("y_pred contains classes not in y_true")
/home/deli/Data/miniconda3/envs/mfl/lib/python3.10/site-packages/sklearn/metrics/_classification.py:2801: UserWarning: y_pred contains classes not in y_true
  warnings.warn("y_pred contains classes not in y_true")
/home/deli/Data/miniconda3/envs/mfl/lib/python3.10/site-packages/sklearn/metrics/_classification.py:2801: UserWarning: y_pred contains classes not in y_true
  warnings.warn("y_pred contains classes not in y_true")
/home/deli/Data/miniconda3/envs/mfl/lib/python3.10/site-packages/sklearn/metrics/_classification.py:2801: UserWarning: y_pred contains classes not in y_true
  warnings.warn("y_pred contains classes not in y_true")
/home/deli/Data/miniconda3/envs/mfl/lib/python3.10/site-packages/sklearn/metrics/_classification.py:2801: UserWarning: y_pred contains classes not in y_true
  warnings.warn("y_pred contains classes not in y_true")
/home/deli/Data/miniconda3/envs/mfl/lib/python3.10/site-packages/sklearn/metrics/_classification.py:2801: UserWarning: y_pred contains classes not in y_true
  warnings.warn("y_pred contains classes not in y_true")
/home/deli/Data/miniconda3/envs/mfl/lib/python3.10/site-packages/sklearn/metrics/_classification.py:2801: UserWarning: y_pred contains classes not in y_true
  warnings.warn("y_pred contains classes not in y_true")
/home/deli/Data/miniconda3/envs/mfl/lib/python3.10/site-packages/sklearn/metrics/_classification.py:534: UserWarning: A single label was found in 'y_true' and 'y_pred'. For the confusion matrix to have the correct shape, use the 'labels' parameter to pass all known labels.
  warnings.warn(
/home/deli/Data/miniconda3/envs/mfl/lib/python3.10/site-packages/sklearn/metrics/_classification.py:534: UserWarning: A single label was found in 'y_true' and 'y_pred'. For the confusion matrix to have the correct shape, use the 'labels' parameter to pass all known labels.
  warnings.warn(
/home/deli/Data/miniconda3/envs/mfl/lib/python3.10/site-packages/sklearn/metrics/_classification.py:534: UserWarning: A single label was found in 'y_true' and 'y_pred'. For the confusion matrix to have the correct shape, use the 'labels' parameter to pass all known labels.
  warnings.warn(
/home/deli/Data/miniconda3/envs/mfl/lib/python3.10/site-packages/sklearn/metrics/_ranking.py:424: UndefinedMetricWarning: Only one class is present in y_true. ROC AUC score is not defined in that case.
  warnings.warn(
/home/deli/Data/miniconda3/envs/mfl/lib/python3.10/site-packages/sklearn/metrics/_classification.py:534: UserWarning: A single label was found in 'y_true' and 'y_pred'. For the confusion matrix to have the correct shape, use the 'labels' parameter to pass all known labels.
  warnings.warn(
/home/deli/Data/miniconda3/envs/mfl/lib/python3.10/site-packages/sklearn/metrics/_ranking.py:424: UndefinedMetricWarning: Only one class is present in y_true. ROC AUC score is not defined in that case.
  warnings.warn(
/home/deli/Data/miniconda3/envs/mfl/lib/python3.10/site-packages/sklearn/metrics/_classification.py:534: UserWarning: A single label was found in 'y_true' and 'y_pred'. For the confusion matrix to have the correct shape, use the 'labels' parameter to pass all known labels.
  warnings.warn(
/home/deli/Data/miniconda3/envs/mfl/lib/python3.10/site-packages/sklearn/metrics/_ranking.py:424: UndefinedMetricWarning: Only one class is present in y_true. ROC AUC score is not defined in that case.
  warnings.warn(
/home/deli/Data/miniconda3/envs/mfl/lib/python3.10/site-packages/sklearn/svm/_base.py:1250: ConvergenceWarning: Liblinear failed to converge, increase the number of iterations.
  warnings.warn(
/home/deli/Data/miniconda3/envs/mfl/lib/python3.10/site-packages/sklearn/linear_model/_logistic.py:473: ConvergenceWarning: lbfgs failed to converge after 3000 iteration(s) (status=1):
STOP: TOTAL NO. OF ITERATIONS REACHED LIMIT

Increase the number of iterations to improve the convergence (max_iter=3000).
You might also want to scale the data as shown in:
    https://scikit-learn.org/stable/modules/preprocessing.html
Please also refer to the documentation for alternative solver options:
    https://scikit-learn.org/stable/modules/linear_model.html#logistic-regression
  n_iter_i = _check_optimize_result(
/home/deli/Data/miniconda3/envs/mfl/lib/python3.10/site-packages/sklearn/svm/_base.py:1250: ConvergenceWarning: Liblinear failed to converge, increase the number of iterations.
  warnings.warn(
/home/deli/Data/miniconda3/envs/mfl/lib/python3.10/site-packages/sklearn/metrics/_classification.py:534: UserWarning: A single label was found in 'y_true' and 'y_pred'. For the confusion matrix to have the correct shape, use the 'labels' parameter to pass all known labels.
  warnings.warn(
/home/deli/Data/miniconda3/envs/mfl/lib/python3.10/site-packages/sklearn/metrics/_classification.py:534: UserWarning: A single label was found in 'y_true' and 'y_pred'. For the confusion matrix to have the correct shape, use the 'labels' parameter to pass all known labels.
  warnings.warn(
/home/deli/Data/miniconda3/envs/mfl/lib/python3.10/site-packages/sklearn/metrics/_classification.py:534: UserWarning: A single label was found in 'y_true' and 'y_pred'. For the confusion matrix to have the correct shape, use the 'labels' parameter to pass all known labels.
  warnings.warn(
/home/deli/Data/miniconda3/envs/mfl/lib/python3.10/site-packages/sklearn/metrics/_ranking.py:424: UndefinedMetricWarning: Only one class is present in y_true. ROC AUC score is not defined in that case.
  warnings.warn(
/home/deli/Data/miniconda3/envs/mfl/lib/python3.10/site-packages/sklearn/metrics/_classification.py:534: UserWarning: A single label was found in 'y_true' and 'y_pred'. For the confusion matrix to have the correct shape, use the 'labels' parameter to pass all known labels.
  warnings.warn(
/home/deli/Data/miniconda3/envs/mfl/lib/python3.10/site-packages/sklearn/metrics/_ranking.py:424: UndefinedMetricWarning: Only one class is present in y_true. ROC AUC score is not defined in that case.
  warnings.warn(
/home/deli/Data/miniconda3/envs/mfl/lib/python3.10/site-packages/sklearn/metrics/_classification.py:534: UserWarning: A single label was found in 'y_true' and 'y_pred'. For the confusion matrix to have the correct shape, use the 'labels' parameter to pass all known labels.
  warnings.warn(
/home/deli/Data/miniconda3/envs/mfl/lib/python3.10/site-packages/sklearn/metrics/_ranking.py:424: UndefinedMetricWarning: Only one class is present in y_true. ROC AUC score is not defined in that case.
  warnings.warn(
/home/deli/Data/miniconda3/envs/mfl/lib/python3.10/site-packages/sklearn/metrics/_classification.py:2801: UserWarning: y_pred contains classes not in y_true
  warnings.warn("y_pred contains classes not in y_true")
/home/deli/Data/miniconda3/envs/mfl/lib/python3.10/site-packages/sklearn/metrics/_classification.py:2801: UserWarning: y_pred contains classes not in y_true
  warnings.warn("y_pred contains classes not in y_true")
/home/deli/Data/miniconda3/envs/mfl/lib/python3.10/site-packages/sklearn/metrics/_classification.py:2801: UserWarning: y_pred contains classes not in y_true
  warnings.warn("y_pred contains classes not in y_true")
/home/deli/Data/miniconda3/envs/mfl/lib/python3.10/site-packages/sklearn/metrics/_classification.py:2801: UserWarning: y_pred contains classes not in y_true
  warnings.warn("y_pred contains classes not in y_true")
/home/deli/Data/miniconda3/envs/mfl/lib/python3.10/site-packages/sklearn/metrics/_classification.py:2801: UserWarning: y_pred contains classes not in y_true
  warnings.warn("y_pred contains classes not in y_true")
/home/deli/Data/miniconda3/envs/mfl/lib/python3.10/site-packages/sklearn/svm/_base.py:1250: ConvergenceWarning: Liblinear failed to converge, increase the number of iterations.
  warnings.warn(
/home/deli/Data/miniconda3/envs/mfl/lib/python3.10/site-packages/sklearn/metrics/_classification.py:2801: UserWarning: y_pred contains classes not in y_true
  warnings.warn("y_pred contains classes not in y_true")
/home/deli/Data/miniconda3/envs/mfl/lib/python3.10/site-packages/sklearn/metrics/_classification.py:2801: UserWarning: y_pred contains classes not in y_true
  warnings.warn("y_pred contains classes not in y_true")
/home/deli/Data/miniconda3/envs/mfl/lib/python3.10/site-packages/sklearn/metrics/_classification.py:2801: UserWarning: y_pred contains classes not in y_true
  warnings.warn("y_pred contains classes not in y_true")
/home/deli/Data/miniconda3/envs/mfl/lib/python3.10/site-packages/sklearn/metrics/_classification.py:2801: UserWarning: y_pred contains classes not in y_true
  warnings.warn("y_pred contains classes not in y_true")
/home/deli/Data/miniconda3/envs/mfl/lib/python3.10/site-packages/sklearn/metrics/_classification.py:534: UserWarning: A single label was found in 'y_true' and 'y_pred'. For the confusion matrix to have the correct shape, use the 'labels' parameter to pass all known labels.
  warnings.warn(
/home/deli/Data/miniconda3/envs/mfl/lib/python3.10/site-packages/sklearn/metrics/_classification.py:534: UserWarning: A single label was found in 'y_true' and 'y_pred'. For the confusion matrix to have the correct shape, use the 'labels' parameter to pass all known labels.
  warnings.warn(
/home/deli/Data/miniconda3/envs/mfl/lib/python3.10/site-packages/sklearn/metrics/_classification.py:534: UserWarning: A single label was found in 'y_true' and 'y_pred'. For the confusion matrix to have the correct shape, use the 'labels' parameter to pass all known labels.
  warnings.warn(
/home/deli/Data/miniconda3/envs/mfl/lib/python3.10/site-packages/sklearn/metrics/_ranking.py:424: UndefinedMetricWarning: Only one class is present in y_true. ROC AUC score is not defined in that case.
  warnings.warn(
/home/deli/Data/miniconda3/envs/mfl/lib/python3.10/site-packages/sklearn/metrics/_classification.py:534: UserWarning: A single label was found in 'y_true' and 'y_pred'. For the confusion matrix to have the correct shape, use the 'labels' parameter to pass all known labels.
  warnings.warn(
/home/deli/Data/miniconda3/envs/mfl/lib/python3.10/site-packages/sklearn/metrics/_ranking.py:424: UndefinedMetricWarning: Only one class is present in y_true. ROC AUC score is not defined in that case.
  warnings.warn(
/home/deli/Data/miniconda3/envs/mfl/lib/python3.10/site-packages/sklearn/metrics/_classification.py:534: UserWarning: A single label was found in 'y_true' and 'y_pred'. For the confusion matrix to have the correct shape, use the 'labels' parameter to pass all known labels.
  warnings.warn(
/home/deli/Data/miniconda3/envs/mfl/lib/python3.10/site-packages/sklearn/metrics/_ranking.py:424: UndefinedMetricWarning: Only one class is present in y_true. ROC AUC score is not defined in that case.
  warnings.warn(
/home/deli/Data/miniconda3/envs/mfl/lib/python3.10/site-packages/sklearn/svm/_base.py:1250: ConvergenceWarning: Liblinear failed to converge, increase the number of iterations.
  warnings.warn(
/home/deli/Data/miniconda3/envs/mfl/lib/python3.10/site-packages/sklearn/linear_model/_logistic.py:473: ConvergenceWarning: lbfgs failed to converge after 3000 iteration(s) (status=1):
STOP: TOTAL NO. OF ITERATIONS REACHED LIMIT

Increase the number of iterations to improve the convergence (max_iter=3000).
You might also want to scale the data as shown in:
    https://scikit-learn.org/stable/modules/preprocessing.html
Please also refer to the documentation for alternative solver options:
    https://scikit-learn.org/stable/modules/linear_model.html#logistic-regression
  n_iter_i = _check_optimize_result(
/home/deli/Data/miniconda3/envs/mfl/lib/python3.10/site-packages/sklearn/svm/_base.py:1250: ConvergenceWarning: Liblinear failed to converge, increase the number of iterations.
  warnings.warn(
/home/deli/Data/miniconda3/envs/mfl/lib/python3.10/site-packages/sklearn/metrics/_classification.py:534: UserWarning: A single label was found in 'y_true' and 'y_pred'. For the confusion matrix to have the correct shape, use the 'labels' parameter to pass all known labels.
  warnings.warn(
/home/deli/Data/miniconda3/envs/mfl/lib/python3.10/site-packages/sklearn/metrics/_classification.py:534: UserWarning: A single label was found in 'y_true' and 'y_pred'. For the confusion matrix to have the correct shape, use the 'labels' parameter to pass all known labels.
  warnings.warn(
/home/deli/Data/miniconda3/envs/mfl/lib/python3.10/site-packages/sklearn/metrics/_classification.py:534: UserWarning: A single label was found in 'y_true' and 'y_pred'. For the confusion matrix to have the correct shape, use the 'labels' parameter to pass all known labels.
  warnings.warn(
/home/deli/Data/miniconda3/envs/mfl/lib/python3.10/site-packages/sklearn/metrics/_ranking.py:424: UndefinedMetricWarning: Only one class is present in y_true. ROC AUC score is not defined in that case.
  warnings.warn(
/home/deli/Data/miniconda3/envs/mfl/lib/python3.10/site-packages/sklearn/metrics/_classification.py:534: UserWarning: A single label was found in 'y_true' and 'y_pred'. For the confusion matrix to have the correct shape, use the 'labels' parameter to pass all known labels.
  warnings.warn(
/home/deli/Data/miniconda3/envs/mfl/lib/python3.10/site-packages/sklearn/metrics/_ranking.py:424: UndefinedMetricWarning: Only one class is present in y_true. ROC AUC score is not defined in that case.
  warnings.warn(
/home/deli/Data/miniconda3/envs/mfl/lib/python3.10/site-packages/sklearn/metrics/_classification.py:534: UserWarning: A single label was found in 'y_true' and 'y_pred'. For the confusion matrix to have the correct shape, use the 'labels' parameter to pass all known labels.
  warnings.warn(
/home/deli/Data/miniconda3/envs/mfl/lib/python3.10/site-packages/sklearn/metrics/_ranking.py:424: UndefinedMetricWarning: Only one class is present in y_true. ROC AUC score is not defined in that case.
  warnings.warn(
/home/deli/Data/miniconda3/envs/mfl/lib/python3.10/site-packages/sklearn/metrics/_classification.py:534: UserWarning: A single label was found in 'y_true' and 'y_pred'. For the confusion matrix to have the correct shape, use the 'labels' parameter to pass all known labels.
  warnings.warn(
/home/deli/Data/miniconda3/envs/mfl/lib/python3.10/site-packages/sklearn/metrics/_classification.py:534: UserWarning: A single label was found in 'y_true' and 'y_pred'. For the confusion matrix to have the correct shape, use the 'labels' parameter to pass all known labels.
  warnings.warn(
/home/deli/Data/miniconda3/envs/mfl/lib/python3.10/site-packages/sklearn/metrics/_classification.py:534: UserWarning: A single label was found in 'y_true' and 'y_pred'. For the confusion matrix to have the correct shape, use the 'labels' parameter to pass all known labels.
  warnings.warn(
/home/deli/Data/miniconda3/envs/mfl/lib/python3.10/site-packages/sklearn/metrics/_ranking.py:424: UndefinedMetricWarning: Only one class is present in y_true. ROC AUC score is not defined in that case.
  warnings.warn(
/home/deli/Data/miniconda3/envs/mfl/lib/python3.10/site-packages/sklearn/metrics/_classification.py:534: UserWarning: A single label was found in 'y_true' and 'y_pred'. For the confusion matrix to have the correct shape, use the 'labels' parameter to pass all known labels.
  warnings.warn(
/home/deli/Data/miniconda3/envs/mfl/lib/python3.10/site-packages/sklearn/metrics/_ranking.py:424: UndefinedMetricWarning: Only one class is present in y_true. ROC AUC score is not defined in that case.
  warnings.warn(
/home/deli/Data/miniconda3/envs/mfl/lib/python3.10/site-packages/sklearn/metrics/_classification.py:534: UserWarning: A single label was found in 'y_true' and 'y_pred'. For the confusion matrix to have the correct shape, use the 'labels' parameter to pass all known labels.
  warnings.warn(
/home/deli/Data/miniconda3/envs/mfl/lib/python3.10/site-packages/sklearn/metrics/_ranking.py:424: UndefinedMetricWarning: Only one class is present in y_true. ROC AUC score is not defined in that case.
  warnings.warn(
/home/deli/Data/miniconda3/envs/mfl/lib/python3.10/site-packages/sklearn/metrics/_classification.py:2801: UserWarning: y_pred contains classes not in y_true
  warnings.warn("y_pred contains classes not in y_true")
/home/deli/Data/miniconda3/envs/mfl/lib/python3.10/site-packages/sklearn/metrics/_classification.py:2801: UserWarning: y_pred contains classes not in y_true
  warnings.warn("y_pred contains classes not in y_true")
/home/deli/Data/miniconda3/envs/mfl/lib/python3.10/site-packages/sklearn/metrics/_classification.py:2801: UserWarning: y_pred contains classes not in y_true
  warnings.warn("y_pred contains classes not in y_true")
/home/deli/Data/miniconda3/envs/mfl/lib/python3.10/site-packages/sklearn/metrics/_classification.py:2801: UserWarning: y_pred contains classes not in y_true
  warnings.warn("y_pred contains classes not in y_true")
/home/deli/Data/miniconda3/envs/mfl/lib/python3.10/site-packages/sklearn/metrics/_classification.py:2801: UserWarning: y_pred contains classes not in y_true
  warnings.warn("y_pred contains classes not in y_true")
/home/deli/Data/miniconda3/envs/mfl/lib/python3.10/site-packages/sklearn/metrics/_classification.py:2801: UserWarning: y_pred contains classes not in y_true
  warnings.warn("y_pred contains classes not in y_true")
/home/deli/Data/miniconda3/envs/mfl/lib/python3.10/site-packages/sklearn/metrics/_classification.py:2801: UserWarning: y_pred contains classes not in y_true
  warnings.warn("y_pred contains classes not in y_true")
/home/deli/Data/miniconda3/envs/mfl/lib/python3.10/site-packages/sklearn/metrics/_classification.py:2801: UserWarning: y_pred contains classes not in y_true
  warnings.warn("y_pred contains classes not in y_true")
/home/deli/Data/miniconda3/envs/mfl/lib/python3.10/site-packages/sklearn/metrics/_classification.py:2801: UserWarning: y_pred contains classes not in y_true
  warnings.warn("y_pred contains classes not in y_true")
/home/deli/Data/miniconda3/envs/mfl/lib/python3.10/site-packages/sklearn/metrics/_classification.py:2801: UserWarning: y_pred contains classes not in y_true
  warnings.warn("y_pred contains classes not in y_true")
/home/deli/Data/miniconda3/envs/mfl/lib/python3.10/site-packages/sklearn/metrics/_classification.py:2801: UserWarning: y_pred contains classes not in y_true
  warnings.warn("y_pred contains classes not in y_true")
/home/deli/Data/miniconda3/envs/mfl/lib/python3.10/site-packages/sklearn/metrics/_classification.py:98: UserWarning: The number of unique classes is greater than 50% of the number of samples. `y` could represent a regression problem, not a classification problem.
  type_true = type_of_target(y_true, input_name="y_true")
/home/deli/Data/miniconda3/envs/mfl/lib/python3.10/site-packages/sklearn/metrics/_classification.py:99: UserWarning: The number of unique classes is greater than 50% of the number of samples. `y` could represent a regression problem, not a classification problem.
  type_pred = type_of_target(y_pred, input_name="y_pred")
/home/deli/Data/miniconda3/envs/mfl/lib/python3.10/site-packages/sklearn/metrics/_classification.py:98: UserWarning: The number of unique classes is greater than 50% of the number of samples. `y` could represent a regression problem, not a classification problem.
  type_true = type_of_target(y_true, input_name="y_true")
/home/deli/Data/miniconda3/envs/mfl/lib/python3.10/site-packages/sklearn/metrics/_classification.py:99: UserWarning: The number of unique classes is greater than 50% of the number of samples. `y` could represent a regression problem, not a classification problem.
  type_pred = type_of_target(y_pred, input_name="y_pred")
/home/deli/Data/miniconda3/envs/mfl/lib/python3.10/site-packages/sklearn/metrics/_classification.py:98: UserWarning: The number of unique classes is greater than 50% of the number of samples. `y` could represent a regression problem, not a classification problem.
  type_true = type_of_target(y_true, input_name="y_true")
/home/deli/Data/miniconda3/envs/mfl/lib/python3.10/site-packages/sklearn/metrics/_classification.py:99: UserWarning: The number of unique classes is greater than 50% of the number of samples. `y` could represent a regression problem, not a classification problem.
  type_pred = type_of_target(y_pred, input_name="y_pred")
/home/deli/Data/miniconda3/envs/mfl/lib/python3.10/site-packages/sklearn/metrics/_classification.py:98: UserWarning: The number of unique classes is greater than 50% of the number of samples. `y` could represent a regression problem, not a classification problem.
  type_true = type_of_target(y_true, input_name="y_true")
/home/deli/Data/miniconda3/envs/mfl/lib/python3.10/site-packages/sklearn/metrics/_classification.py:99: UserWarning: The number of unique classes is greater than 50% of the number of samples. `y` could represent a regression problem, not a classification problem.
  type_pred = type_of_target(y_pred, input_name="y_pred")
/home/deli/Data/miniconda3/envs/mfl/lib/python3.10/site-packages/sklearn/metrics/_classification.py:98: UserWarning: The number of unique classes is greater than 50% of the number of samples. `y` could represent a regression problem, not a classification problem.
  type_true = type_of_target(y_true, input_name="y_true")
/home/deli/Data/miniconda3/envs/mfl/lib/python3.10/site-packages/sklearn/metrics/_classification.py:99: UserWarning: The number of unique classes is greater than 50% of the number of samples. `y` could represent a regression problem, not a classification problem.
  type_pred = type_of_target(y_pred, input_name="y_pred")
/home/deli/Data/miniconda3/envs/mfl/lib/python3.10/site-packages/sklearn/metrics/_classification.py:98: UserWarning: The number of unique classes is greater than 50% of the number of samples. `y` could represent a regression problem, not a classification problem.
  type_true = type_of_target(y_true, input_name="y_true")
/home/deli/Data/miniconda3/envs/mfl/lib/python3.10/site-packages/sklearn/metrics/_classification.py:99: UserWarning: The number of unique classes is greater than 50% of the number of samples. `y` could represent a regression problem, not a classification problem.
  type_pred = type_of_target(y_pred, input_name="y_pred")
/home/deli/Data/miniconda3/envs/mfl/lib/python3.10/site-packages/sklearn/metrics/_classification.py:98: UserWarning: The number of unique classes is greater than 50% of the number of samples. `y` could represent a regression problem, not a classification problem.
  type_true = type_of_target(y_true, input_name="y_true")
/home/deli/Data/miniconda3/envs/mfl/lib/python3.10/site-packages/sklearn/metrics/_classification.py:99: UserWarning: The number of unique classes is greater than 50% of the number of samples. `y` could represent a regression problem, not a classification problem.
  type_pred = type_of_target(y_pred, input_name="y_pred")
/home/deli/Data/miniconda3/envs/mfl/lib/python3.10/site-packages/sklearn/metrics/_classification.py:98: UserWarning: The number of unique classes is greater than 50% of the number of samples. `y` could represent a regression problem, not a classification problem.
  type_true = type_of_target(y_true, input_name="y_true")
/home/deli/Data/miniconda3/envs/mfl/lib/python3.10/site-packages/sklearn/metrics/_classification.py:99: UserWarning: The number of unique classes is greater than 50% of the number of samples. `y` could represent a regression problem, not a classification problem.
  type_pred = type_of_target(y_pred, input_name="y_pred")
/home/deli/Data/miniconda3/envs/mfl/lib/python3.10/site-packages/sklearn/metrics/_classification.py:98: UserWarning: The number of unique classes is greater than 50% of the number of samples. `y` could represent a regression problem, not a classification problem.
  type_true = type_of_target(y_true, input_name="y_true")
/home/deli/Data/miniconda3/envs/mfl/lib/python3.10/site-packages/sklearn/metrics/_classification.py:99: UserWarning: The number of unique classes is greater than 50% of the number of samples. `y` could represent a regression problem, not a classification problem.
  type_pred = type_of_target(y_pred, input_name="y_pred")
/home/deli/Data/miniconda3/envs/mfl/lib/python3.10/site-packages/sklearn/metrics/_classification.py:98: UserWarning: The number of unique classes is greater than 50% of the number of samples. `y` could represent a regression problem, not a classification problem.
  type_true = type_of_target(y_true, input_name="y_true")
/home/deli/Data/miniconda3/envs/mfl/lib/python3.10/site-packages/sklearn/metrics/_classification.py:99: UserWarning: The number of unique classes is greater than 50% of the number of samples. `y` could represent a regression problem, not a classification problem.
  type_pred = type_of_target(y_pred, input_name="y_pred")
/home/deli/Data/miniconda3/envs/mfl/lib/python3.10/site-packages/sklearn/metrics/_classification.py:98: UserWarning: The number of unique classes is greater than 50% of the number of samples. `y` could represent a regression problem, not a classification problem.
  type_true = type_of_target(y_true, input_name="y_true")
/home/deli/Data/miniconda3/envs/mfl/lib/python3.10/site-packages/sklearn/metrics/_classification.py:99: UserWarning: The number of unique classes is greater than 50% of the number of samples. `y` could represent a regression problem, not a classification problem.
  type_pred = type_of_target(y_pred, input_name="y_pred")
/home/deli/Data/miniconda3/envs/mfl/lib/python3.10/site-packages/sklearn/metrics/_classification.py:98: UserWarning: The number of unique classes is greater than 50% of the number of samples. `y` could represent a regression problem, not a classification problem.
  type_true = type_of_target(y_true, input_name="y_true")
/home/deli/Data/miniconda3/envs/mfl/lib/python3.10/site-packages/sklearn/metrics/_classification.py:99: UserWarning: The number of unique classes is greater than 50% of the number of samples. `y` could represent a regression problem, not a classification problem.
  type_pred = type_of_target(y_pred, input_name="y_pred")
/home/deli/Data/miniconda3/envs/mfl/lib/python3.10/site-packages/sklearn/metrics/_classification.py:98: UserWarning: The number of unique classes is greater than 50% of the number of samples. `y` could represent a regression problem, not a classification problem.
  type_true = type_of_target(y_true, input_name="y_true")
/home/deli/Data/miniconda3/envs/mfl/lib/python3.10/site-packages/sklearn/metrics/_classification.py:99: UserWarning: The number of unique classes is greater than 50% of the number of samples. `y` could represent a regression problem, not a classification problem.
  type_pred = type_of_target(y_pred, input_name="y_pred")
/home/deli/Data/miniconda3/envs/mfl/lib/python3.10/site-packages/sklearn/metrics/_classification.py:98: UserWarning: The number of unique classes is greater than 50% of the number of samples. `y` could represent a regression problem, not a classification problem.
  type_true = type_of_target(y_true, input_name="y_true")
/home/deli/Data/miniconda3/envs/mfl/lib/python3.10/site-packages/sklearn/metrics/_classification.py:99: UserWarning: The number of unique classes is greater than 50% of the number of samples. `y` could represent a regression problem, not a classification problem.
  type_pred = type_of_target(y_pred, input_name="y_pred")
/home/deli/Data/miniconda3/envs/mfl/lib/python3.10/site-packages/sklearn/metrics/_classification.py:98: UserWarning: The number of unique classes is greater than 50% of the number of samples. `y` could represent a regression problem, not a classification problem.
  type_true = type_of_target(y_true, input_name="y_true")
/home/deli/Data/miniconda3/envs/mfl/lib/python3.10/site-packages/sklearn/metrics/_classification.py:99: UserWarning: The number of unique classes is greater than 50% of the number of samples. `y` could represent a regression problem, not a classification problem.
  type_pred = type_of_target(y_pred, input_name="y_pred")
/home/deli/Data/miniconda3/envs/mfl/lib/python3.10/site-packages/sklearn/metrics/_classification.py:98: UserWarning: The number of unique classes is greater than 50% of the number of samples. `y` could represent a regression problem, not a classification problem.
  type_true = type_of_target(y_true, input_name="y_true")
/home/deli/Data/miniconda3/envs/mfl/lib/python3.10/site-packages/sklearn/metrics/_classification.py:99: UserWarning: The number of unique classes is greater than 50% of the number of samples. `y` could represent a regression problem, not a classification problem.
  type_pred = type_of_target(y_pred, input_name="y_pred")
/home/deli/Data/miniconda3/envs/mfl/lib/python3.10/site-packages/sklearn/metrics/_classification.py:98: UserWarning: The number of unique classes is greater than 50% of the number of samples. `y` could represent a regression problem, not a classification problem.
  type_true = type_of_target(y_true, input_name="y_true")
/home/deli/Data/miniconda3/envs/mfl/lib/python3.10/site-packages/sklearn/metrics/_classification.py:99: UserWarning: The number of unique classes is greater than 50% of the number of samples. `y` could represent a regression problem, not a classification problem.
  type_pred = type_of_target(y_pred, input_name="y_pred")
/home/deli/Data/miniconda3/envs/mfl/lib/python3.10/site-packages/sklearn/metrics/_classification.py:98: UserWarning: The number of unique classes is greater than 50% of the number of samples. `y` could represent a regression problem, not a classification problem.
  type_true = type_of_target(y_true, input_name="y_true")
/home/deli/Data/miniconda3/envs/mfl/lib/python3.10/site-packages/sklearn/metrics/_classification.py:99: UserWarning: The number of unique classes is greater than 50% of the number of samples. `y` could represent a regression problem, not a classification problem.
  type_pred = type_of_target(y_pred, input_name="y_pred")
/home/deli/Data/miniconda3/envs/mfl/lib/python3.10/site-packages/sklearn/metrics/_classification.py:98: UserWarning: The number of unique classes is greater than 50% of the number of samples. `y` could represent a regression problem, not a classification problem.
  type_true = type_of_target(y_true, input_name="y_true")
/home/deli/Data/miniconda3/envs/mfl/lib/python3.10/site-packages/sklearn/metrics/_classification.py:99: UserWarning: The number of unique classes is greater than 50% of the number of samples. `y` could represent a regression problem, not a classification problem.
  type_pred = type_of_target(y_pred, input_name="y_pred")
/home/deli/Data/miniconda3/envs/mfl/lib/python3.10/site-packages/sklearn/metrics/_classification.py:98: UserWarning: The number of unique classes is greater than 50% of the number of samples. `y` could represent a regression problem, not a classification problem.
  type_true = type_of_target(y_true, input_name="y_true")
/home/deli/Data/miniconda3/envs/mfl/lib/python3.10/site-packages/sklearn/metrics/_classification.py:99: UserWarning: The number of unique classes is greater than 50% of the number of samples. `y` could represent a regression problem, not a classification problem.
  type_pred = type_of_target(y_pred, input_name="y_pred")
/home/deli/Data/miniconda3/envs/mfl/lib/python3.10/site-packages/sklearn/metrics/_classification.py:98: UserWarning: The number of unique classes is greater than 50% of the number of samples. `y` could represent a regression problem, not a classification problem.
  type_true = type_of_target(y_true, input_name="y_true")
/home/deli/Data/miniconda3/envs/mfl/lib/python3.10/site-packages/sklearn/metrics/_classification.py:99: UserWarning: The number of unique classes is greater than 50% of the number of samples. `y` could represent a regression problem, not a classification problem.
  type_pred = type_of_target(y_pred, input_name="y_pred")
/home/deli/Data/miniconda3/envs/mfl/lib/python3.10/site-packages/sklearn/metrics/_classification.py:98: UserWarning: The number of unique classes is greater than 50% of the number of samples. `y` could represent a regression problem, not a classification problem.
  type_true = type_of_target(y_true, input_name="y_true")
/home/deli/Data/miniconda3/envs/mfl/lib/python3.10/site-packages/sklearn/metrics/_classification.py:99: UserWarning: The number of unique classes is greater than 50% of the number of samples. `y` could represent a regression problem, not a classification problem.
  type_pred = type_of_target(y_pred, input_name="y_pred")
/home/deli/Data/miniconda3/envs/mfl/lib/python3.10/site-packages/sklearn/metrics/_classification.py:98: UserWarning: The number of unique classes is greater than 50% of the number of samples. `y` could represent a regression problem, not a classification problem.
  type_true = type_of_target(y_true, input_name="y_true")
/home/deli/Data/miniconda3/envs/mfl/lib/python3.10/site-packages/sklearn/metrics/_classification.py:99: UserWarning: The number of unique classes is greater than 50% of the number of samples. `y` could represent a regression problem, not a classification problem.
  type_pred = type_of_target(y_pred, input_name="y_pred")
/home/deli/Data/miniconda3/envs/mfl/lib/python3.10/site-packages/sklearn/metrics/_classification.py:2801: UserWarning: y_pred contains classes not in y_true
  warnings.warn("y_pred contains classes not in y_true")
/home/deli/Data/miniconda3/envs/mfl/lib/python3.10/site-packages/sklearn/metrics/_classification.py:98: UserWarning: The number of unique classes is greater than 50% of the number of samples. `y` could represent a regression problem, not a classification problem.
  type_true = type_of_target(y_true, input_name="y_true")
/home/deli/Data/miniconda3/envs/mfl/lib/python3.10/site-packages/sklearn/metrics/_classification.py:99: UserWarning: The number of unique classes is greater than 50% of the number of samples. `y` could represent a regression problem, not a classification problem.
  type_pred = type_of_target(y_pred, input_name="y_pred")
/home/deli/Data/miniconda3/envs/mfl/lib/python3.10/site-packages/sklearn/metrics/_classification.py:98: UserWarning: The number of unique classes is greater than 50% of the number of samples. `y` could represent a regression problem, not a classification problem.
  type_true = type_of_target(y_true, input_name="y_true")
/home/deli/Data/miniconda3/envs/mfl/lib/python3.10/site-packages/sklearn/metrics/_classification.py:99: UserWarning: The number of unique classes is greater than 50% of the number of samples. `y` could represent a regression problem, not a classification problem.
  type_pred = type_of_target(y_pred, input_name="y_pred")
/home/deli/Data/miniconda3/envs/mfl/lib/python3.10/site-packages/sklearn/metrics/_classification.py:98: UserWarning: The number of unique classes is greater than 50% of the number of samples. `y` could represent a regression problem, not a classification problem.
  type_true = type_of_target(y_true, input_name="y_true")
/home/deli/Data/miniconda3/envs/mfl/lib/python3.10/site-packages/sklearn/metrics/_classification.py:99: UserWarning: The number of unique classes is greater than 50% of the number of samples. `y` could represent a regression problem, not a classification problem.
  type_pred = type_of_target(y_pred, input_name="y_pred")
/home/deli/Data/miniconda3/envs/mfl/lib/python3.10/site-packages/sklearn/metrics/_classification.py:98: UserWarning: The number of unique classes is greater than 50% of the number of samples. `y` could represent a regression problem, not a classification problem.
  type_true = type_of_target(y_true, input_name="y_true")
/home/deli/Data/miniconda3/envs/mfl/lib/python3.10/site-packages/sklearn/metrics/_classification.py:99: UserWarning: The number of unique classes is greater than 50% of the number of samples. `y` could represent a regression problem, not a classification problem.
  type_pred = type_of_target(y_pred, input_name="y_pred")
/home/deli/Data/miniconda3/envs/mfl/lib/python3.10/site-packages/sklearn/metrics/_classification.py:98: UserWarning: The number of unique classes is greater than 50% of the number of samples. `y` could represent a regression problem, not a classification problem.
  type_true = type_of_target(y_true, input_name="y_true")
/home/deli/Data/miniconda3/envs/mfl/lib/python3.10/site-packages/sklearn/metrics/_classification.py:99: UserWarning: The number of unique classes is greater than 50% of the number of samples. `y` could represent a regression problem, not a classification problem.
  type_pred = type_of_target(y_pred, input_name="y_pred")
/home/deli/Data/miniconda3/envs/mfl/lib/python3.10/site-packages/sklearn/metrics/_classification.py:98: UserWarning: The number of unique classes is greater than 50% of the number of samples. `y` could represent a regression problem, not a classification problem.
  type_true = type_of_target(y_true, input_name="y_true")
/home/deli/Data/miniconda3/envs/mfl/lib/python3.10/site-packages/sklearn/metrics/_classification.py:99: UserWarning: The number of unique classes is greater than 50% of the number of samples. `y` could represent a regression problem, not a classification problem.
  type_pred = type_of_target(y_pred, input_name="y_pred")
/home/deli/Data/miniconda3/envs/mfl/lib/python3.10/site-packages/sklearn/metrics/_classification.py:98: UserWarning: The number of unique classes is greater than 50% of the number of samples. `y` could represent a regression problem, not a classification problem.
  type_true = type_of_target(y_true, input_name="y_true")
/home/deli/Data/miniconda3/envs/mfl/lib/python3.10/site-packages/sklearn/metrics/_classification.py:99: UserWarning: The number of unique classes is greater than 50% of the number of samples. `y` could represent a regression problem, not a classification problem.
  type_pred = type_of_target(y_pred, input_name="y_pred")
/home/deli/Data/miniconda3/envs/mfl/lib/python3.10/site-packages/sklearn/metrics/_classification.py:98: UserWarning: The number of unique classes is greater than 50% of the number of samples. `y` could represent a regression problem, not a classification problem.
  type_true = type_of_target(y_true, input_name="y_true")
/home/deli/Data/miniconda3/envs/mfl/lib/python3.10/site-packages/sklearn/metrics/_classification.py:99: UserWarning: The number of unique classes is greater than 50% of the number of samples. `y` could represent a regression problem, not a classification problem.
  type_pred = type_of_target(y_pred, input_name="y_pred")
/home/deli/Data/miniconda3/envs/mfl/lib/python3.10/site-packages/sklearn/metrics/_classification.py:98: UserWarning: The number of unique classes is greater than 50% of the number of samples. `y` could represent a regression problem, not a classification problem.
  type_true = type_of_target(y_true, input_name="y_true")
/home/deli/Data/miniconda3/envs/mfl/lib/python3.10/site-packages/sklearn/metrics/_classification.py:99: UserWarning: The number of unique classes is greater than 50% of the number of samples. `y` could represent a regression problem, not a classification problem.
  type_pred = type_of_target(y_pred, input_name="y_pred")
/home/deli/Data/miniconda3/envs/mfl/lib/python3.10/site-packages/sklearn/metrics/_classification.py:98: UserWarning: The number of unique classes is greater than 50% of the number of samples. `y` could represent a regression problem, not a classification problem.
  type_true = type_of_target(y_true, input_name="y_true")
/home/deli/Data/miniconda3/envs/mfl/lib/python3.10/site-packages/sklearn/metrics/_classification.py:99: UserWarning: The number of unique classes is greater than 50% of the number of samples. `y` could represent a regression problem, not a classification problem.
  type_pred = type_of_target(y_pred, input_name="y_pred")
/home/deli/Data/miniconda3/envs/mfl/lib/python3.10/site-packages/sklearn/metrics/_classification.py:98: UserWarning: The number of unique classes is greater than 50% of the number of samples. `y` could represent a regression problem, not a classification problem.
  type_true = type_of_target(y_true, input_name="y_true")
/home/deli/Data/miniconda3/envs/mfl/lib/python3.10/site-packages/sklearn/metrics/_classification.py:99: UserWarning: The number of unique classes is greater than 50% of the number of samples. `y` could represent a regression problem, not a classification problem.
  type_pred = type_of_target(y_pred, input_name="y_pred")
/home/deli/Data/miniconda3/envs/mfl/lib/python3.10/site-packages/sklearn/metrics/_classification.py:98: UserWarning: The number of unique classes is greater than 50% of the number of samples. `y` could represent a regression problem, not a classification problem.
  type_true = type_of_target(y_true, input_name="y_true")
/home/deli/Data/miniconda3/envs/mfl/lib/python3.10/site-packages/sklearn/metrics/_classification.py:99: UserWarning: The number of unique classes is greater than 50% of the number of samples. `y` could represent a regression problem, not a classification problem.
  type_pred = type_of_target(y_pred, input_name="y_pred")
/home/deli/Data/miniconda3/envs/mfl/lib/python3.10/site-packages/sklearn/metrics/_classification.py:98: UserWarning: The number of unique classes is greater than 50% of the number of samples. `y` could represent a regression problem, not a classification problem.
  type_true = type_of_target(y_true, input_name="y_true")
/home/deli/Data/miniconda3/envs/mfl/lib/python3.10/site-packages/sklearn/metrics/_classification.py:99: UserWarning: The number of unique classes is greater than 50% of the number of samples. `y` could represent a regression problem, not a classification problem.
  type_pred = type_of_target(y_pred, input_name="y_pred")
/home/deli/Data/miniconda3/envs/mfl/lib/python3.10/site-packages/sklearn/metrics/_classification.py:98: UserWarning: The number of unique classes is greater than 50% of the number of samples. `y` could represent a regression problem, not a classification problem.
  type_true = type_of_target(y_true, input_name="y_true")
/home/deli/Data/miniconda3/envs/mfl/lib/python3.10/site-packages/sklearn/metrics/_classification.py:99: UserWarning: The number of unique classes is greater than 50% of the number of samples. `y` could represent a regression problem, not a classification problem.
  type_pred = type_of_target(y_pred, input_name="y_pred")
/home/deli/Data/miniconda3/envs/mfl/lib/python3.10/site-packages/sklearn/metrics/_classification.py:98: UserWarning: The number of unique classes is greater than 50% of the number of samples. `y` could represent a regression problem, not a classification problem.
  type_true = type_of_target(y_true, input_name="y_true")
/home/deli/Data/miniconda3/envs/mfl/lib/python3.10/site-packages/sklearn/metrics/_classification.py:99: UserWarning: The number of unique classes is greater than 50% of the number of samples. `y` could represent a regression problem, not a classification problem.
  type_pred = type_of_target(y_pred, input_name="y_pred")
/home/deli/Data/miniconda3/envs/mfl/lib/python3.10/site-packages/sklearn/metrics/_classification.py:98: UserWarning: The number of unique classes is greater than 50% of the number of samples. `y` could represent a regression problem, not a classification problem.
  type_true = type_of_target(y_true, input_name="y_true")
/home/deli/Data/miniconda3/envs/mfl/lib/python3.10/site-packages/sklearn/metrics/_classification.py:99: UserWarning: The number of unique classes is greater than 50% of the number of samples. `y` could represent a regression problem, not a classification problem.
  type_pred = type_of_target(y_pred, input_name="y_pred")
/home/deli/Data/miniconda3/envs/mfl/lib/python3.10/site-packages/sklearn/metrics/_classification.py:98: UserWarning: The number of unique classes is greater than 50% of the number of samples. `y` could represent a regression problem, not a classification problem.
  type_true = type_of_target(y_true, input_name="y_true")
/home/deli/Data/miniconda3/envs/mfl/lib/python3.10/site-packages/sklearn/metrics/_classification.py:99: UserWarning: The number of unique classes is greater than 50% of the number of samples. `y` could represent a regression problem, not a classification problem.
  type_pred = type_of_target(y_pred, input_name="y_pred")
/home/deli/Data/miniconda3/envs/mfl/lib/python3.10/site-packages/sklearn/metrics/_classification.py:98: UserWarning: The number of unique classes is greater than 50% of the number of samples. `y` could represent a regression problem, not a classification problem.
  type_true = type_of_target(y_true, input_name="y_true")
/home/deli/Data/miniconda3/envs/mfl/lib/python3.10/site-packages/sklearn/metrics/_classification.py:99: UserWarning: The number of unique classes is greater than 50% of the number of samples. `y` could represent a regression problem, not a classification problem.
  type_pred = type_of_target(y_pred, input_name="y_pred")
/home/deli/Data/miniconda3/envs/mfl/lib/python3.10/site-packages/sklearn/metrics/_classification.py:98: UserWarning: The number of unique classes is greater than 50% of the number of samples. `y` could represent a regression problem, not a classification problem.
  type_true = type_of_target(y_true, input_name="y_true")
/home/deli/Data/miniconda3/envs/mfl/lib/python3.10/site-packages/sklearn/metrics/_classification.py:99: UserWarning: The number of unique classes is greater than 50% of the number of samples. `y` could represent a regression problem, not a classification problem.
  type_pred = type_of_target(y_pred, input_name="y_pred")
/home/deli/Data/miniconda3/envs/mfl/lib/python3.10/site-packages/sklearn/metrics/_classification.py:98: UserWarning: The number of unique classes is greater than 50% of the number of samples. `y` could represent a regression problem, not a classification problem.
  type_true = type_of_target(y_true, input_name="y_true")
/home/deli/Data/miniconda3/envs/mfl/lib/python3.10/site-packages/sklearn/metrics/_classification.py:99: UserWarning: The number of unique classes is greater than 50% of the number of samples. `y` could represent a regression problem, not a classification problem.
  type_pred = type_of_target(y_pred, input_name="y_pred")
/home/deli/Data/miniconda3/envs/mfl/lib/python3.10/site-packages/sklearn/metrics/_classification.py:98: UserWarning: The number of unique classes is greater than 50% of the number of samples. `y` could represent a regression problem, not a classification problem.
  type_true = type_of_target(y_true, input_name="y_true")
/home/deli/Data/miniconda3/envs/mfl/lib/python3.10/site-packages/sklearn/metrics/_classification.py:99: UserWarning: The number of unique classes is greater than 50% of the number of samples. `y` could represent a regression problem, not a classification problem.
  type_pred = type_of_target(y_pred, input_name="y_pred")
/home/deli/Data/miniconda3/envs/mfl/lib/python3.10/site-packages/sklearn/metrics/_classification.py:98: UserWarning: The number of unique classes is greater than 50% of the number of samples. `y` could represent a regression problem, not a classification problem.
  type_true = type_of_target(y_true, input_name="y_true")
/home/deli/Data/miniconda3/envs/mfl/lib/python3.10/site-packages/sklearn/metrics/_classification.py:99: UserWarning: The number of unique classes is greater than 50% of the number of samples. `y` could represent a regression problem, not a classification problem.
  type_pred = type_of_target(y_pred, input_name="y_pred")
/home/deli/Data/miniconda3/envs/mfl/lib/python3.10/site-packages/sklearn/metrics/_classification.py:534: UserWarning: A single label was found in 'y_true' and 'y_pred'. For the confusion matrix to have the correct shape, use the 'labels' parameter to pass all known labels.
  warnings.warn(
/home/deli/Data/miniconda3/envs/mfl/lib/python3.10/site-packages/sklearn/metrics/_classification.py:534: UserWarning: A single label was found in 'y_true' and 'y_pred'. For the confusion matrix to have the correct shape, use the 'labels' parameter to pass all known labels.
  warnings.warn(
/home/deli/Data/miniconda3/envs/mfl/lib/python3.10/site-packages/sklearn/metrics/_classification.py:534: UserWarning: A single label was found in 'y_true' and 'y_pred'. For the confusion matrix to have the correct shape, use the 'labels' parameter to pass all known labels.
  warnings.warn(
/home/deli/Data/miniconda3/envs/mfl/lib/python3.10/site-packages/sklearn/metrics/_ranking.py:424: UndefinedMetricWarning: Only one class is present in y_true. ROC AUC score is not defined in that case.
  warnings.warn(
/home/deli/Data/miniconda3/envs/mfl/lib/python3.10/site-packages/sklearn/metrics/_classification.py:534: UserWarning: A single label was found in 'y_true' and 'y_pred'. For the confusion matrix to have the correct shape, use the 'labels' parameter to pass all known labels.
  warnings.warn(
/home/deli/Data/miniconda3/envs/mfl/lib/python3.10/site-packages/sklearn/metrics/_ranking.py:424: UndefinedMetricWarning: Only one class is present in y_true. ROC AUC score is not defined in that case.
  warnings.warn(
/home/deli/Data/miniconda3/envs/mfl/lib/python3.10/site-packages/sklearn/metrics/_classification.py:534: UserWarning: A single label was found in 'y_true' and 'y_pred'. For the confusion matrix to have the correct shape, use the 'labels' parameter to pass all known labels.
  warnings.warn(
/home/deli/Data/miniconda3/envs/mfl/lib/python3.10/site-packages/sklearn/metrics/_ranking.py:424: UndefinedMetricWarning: Only one class is present in y_true. ROC AUC score is not defined in that case.
  warnings.warn(
/home/deli/Data/miniconda3/envs/mfl/lib/python3.10/site-packages/sklearn/svm/_base.py:1250: ConvergenceWarning: Liblinear failed to converge, increase the number of iterations.
  warnings.warn(
/home/deli/Data/miniconda3/envs/mfl/lib/python3.10/site-packages/sklearn/svm/_base.py:1250: ConvergenceWarning: Liblinear failed to converge, increase the number of iterations.
  warnings.warn(
/home/deli/Data/miniconda3/envs/mfl/lib/python3.10/site-packages/sklearn/metrics/_classification.py:534: UserWarning: A single label was found in 'y_true' and 'y_pred'. For the confusion matrix to have the correct shape, use the 'labels' parameter to pass all known labels.
  warnings.warn(
/home/deli/Data/miniconda3/envs/mfl/lib/python3.10/site-packages/sklearn/metrics/_classification.py:534: UserWarning: A single label was found in 'y_true' and 'y_pred'. For the confusion matrix to have the correct shape, use the 'labels' parameter to pass all known labels.
  warnings.warn(
/home/deli/Data/miniconda3/envs/mfl/lib/python3.10/site-packages/sklearn/metrics/_classification.py:534: UserWarning: A single label was found in 'y_true' and 'y_pred'. For the confusion matrix to have the correct shape, use the 'labels' parameter to pass all known labels.
  warnings.warn(
/home/deli/Data/miniconda3/envs/mfl/lib/python3.10/site-packages/sklearn/metrics/_ranking.py:424: UndefinedMetricWarning: Only one class is present in y_true. ROC AUC score is not defined in that case.
  warnings.warn(
/home/deli/Data/miniconda3/envs/mfl/lib/python3.10/site-packages/sklearn/metrics/_classification.py:534: UserWarning: A single label was found in 'y_true' and 'y_pred'. For the confusion matrix to have the correct shape, use the 'labels' parameter to pass all known labels.
  warnings.warn(
/home/deli/Data/miniconda3/envs/mfl/lib/python3.10/site-packages/sklearn/metrics/_ranking.py:424: UndefinedMetricWarning: Only one class is present in y_true. ROC AUC score is not defined in that case.
  warnings.warn(
/home/deli/Data/miniconda3/envs/mfl/lib/python3.10/site-packages/sklearn/metrics/_classification.py:534: UserWarning: A single label was found in 'y_true' and 'y_pred'. For the confusion matrix to have the correct shape, use the 'labels' parameter to pass all known labels.
  warnings.warn(
/home/deli/Data/miniconda3/envs/mfl/lib/python3.10/site-packages/sklearn/metrics/_ranking.py:424: UndefinedMetricWarning: Only one class is present in y_true. ROC AUC score is not defined in that case.
  warnings.warn(
/home/deli/Data/miniconda3/envs/mfl/lib/python3.10/site-packages/sklearn/metrics/_classification.py:2801: UserWarning: y_pred contains classes not in y_true
  warnings.warn("y_pred contains classes not in y_true")
/home/deli/Data/miniconda3/envs/mfl/lib/python3.10/site-packages/sklearn/metrics/_classification.py:2801: UserWarning: y_pred contains classes not in y_true
  warnings.warn("y_pred contains classes not in y_true")
/home/deli/Data/miniconda3/envs/mfl/lib/python3.10/site-packages/sklearn/metrics/_classification.py:2801: UserWarning: y_pred contains classes not in y_true
  warnings.warn("y_pred contains classes not in y_true")
/home/deli/Data/miniconda3/envs/mfl/lib/python3.10/site-packages/sklearn/metrics/_classification.py:2801: UserWarning: y_pred contains classes not in y_true
  warnings.warn("y_pred contains classes not in y_true")
/home/deli/Data/miniconda3/envs/mfl/lib/python3.10/site-packages/sklearn/metrics/_classification.py:2801: UserWarning: y_pred contains classes not in y_true
  warnings.warn("y_pred contains classes not in y_true")
/home/deli/Data/miniconda3/envs/mfl/lib/python3.10/site-packages/sklearn/svm/_base.py:1250: ConvergenceWarning: Liblinear failed to converge, increase the number of iterations.
  warnings.warn(
/home/deli/Data/miniconda3/envs/mfl/lib/python3.10/site-packages/sklearn/metrics/_classification.py:2801: UserWarning: y_pred contains classes not in y_true
  warnings.warn("y_pred contains classes not in y_true")
/home/deli/Data/miniconda3/envs/mfl/lib/python3.10/site-packages/sklearn/metrics/_classification.py:2801: UserWarning: y_pred contains classes not in y_true
  warnings.warn("y_pred contains classes not in y_true")
/home/deli/Data/miniconda3/envs/mfl/lib/python3.10/site-packages/sklearn/metrics/_classification.py:2801: UserWarning: y_pred contains classes not in y_true
  warnings.warn("y_pred contains classes not in y_true")
/home/deli/Data/miniconda3/envs/mfl/lib/python3.10/site-packages/sklearn/metrics/_classification.py:2801: UserWarning: y_pred contains classes not in y_true
  warnings.warn("y_pred contains classes not in y_true")
/home/deli/Data/miniconda3/envs/mfl/lib/python3.10/site-packages/sklearn/metrics/_classification.py:534: UserWarning: A single label was found in 'y_true' and 'y_pred'. For the confusion matrix to have the correct shape, use the 'labels' parameter to pass all known labels.
  warnings.warn(
/home/deli/Data/miniconda3/envs/mfl/lib/python3.10/site-packages/sklearn/metrics/_classification.py:534: UserWarning: A single label was found in 'y_true' and 'y_pred'. For the confusion matrix to have the correct shape, use the 'labels' parameter to pass all known labels.
  warnings.warn(
/home/deli/Data/miniconda3/envs/mfl/lib/python3.10/site-packages/sklearn/metrics/_classification.py:534: UserWarning: A single label was found in 'y_true' and 'y_pred'. For the confusion matrix to have the correct shape, use the 'labels' parameter to pass all known labels.
  warnings.warn(
/home/deli/Data/miniconda3/envs/mfl/lib/python3.10/site-packages/sklearn/metrics/_ranking.py:424: UndefinedMetricWarning: Only one class is present in y_true. ROC AUC score is not defined in that case.
  warnings.warn(
/home/deli/Data/miniconda3/envs/mfl/lib/python3.10/site-packages/sklearn/metrics/_classification.py:534: UserWarning: A single label was found in 'y_true' and 'y_pred'. For the confusion matrix to have the correct shape, use the 'labels' parameter to pass all known labels.
  warnings.warn(
/home/deli/Data/miniconda3/envs/mfl/lib/python3.10/site-packages/sklearn/metrics/_ranking.py:424: UndefinedMetricWarning: Only one class is present in y_true. ROC AUC score is not defined in that case.
  warnings.warn(
/home/deli/Data/miniconda3/envs/mfl/lib/python3.10/site-packages/sklearn/metrics/_classification.py:534: UserWarning: A single label was found in 'y_true' and 'y_pred'. For the confusion matrix to have the correct shape, use the 'labels' parameter to pass all known labels.
  warnings.warn(
/home/deli/Data/miniconda3/envs/mfl/lib/python3.10/site-packages/sklearn/metrics/_ranking.py:424: UndefinedMetricWarning: Only one class is present in y_true. ROC AUC score is not defined in that case.
  warnings.warn(
/home/deli/Data/miniconda3/envs/mfl/lib/python3.10/site-packages/sklearn/svm/_base.py:1250: ConvergenceWarning: Liblinear failed to converge, increase the number of iterations.
  warnings.warn(
/home/deli/Data/miniconda3/envs/mfl/lib/python3.10/site-packages/sklearn/metrics/_classification.py:534: UserWarning: A single label was found in 'y_true' and 'y_pred'. For the confusion matrix to have the correct shape, use the 'labels' parameter to pass all known labels.
  warnings.warn(
/home/deli/Data/miniconda3/envs/mfl/lib/python3.10/site-packages/sklearn/metrics/_classification.py:534: UserWarning: A single label was found in 'y_true' and 'y_pred'. For the confusion matrix to have the correct shape, use the 'labels' parameter to pass all known labels.
  warnings.warn(
/home/deli/Data/miniconda3/envs/mfl/lib/python3.10/site-packages/sklearn/metrics/_classification.py:534: UserWarning: A single label was found in 'y_true' and 'y_pred'. For the confusion matrix to have the correct shape, use the 'labels' parameter to pass all known labels.
  warnings.warn(
/home/deli/Data/miniconda3/envs/mfl/lib/python3.10/site-packages/sklearn/metrics/_ranking.py:424: UndefinedMetricWarning: Only one class is present in y_true. ROC AUC score is not defined in that case.
  warnings.warn(
/home/deli/Data/miniconda3/envs/mfl/lib/python3.10/site-packages/sklearn/metrics/_classification.py:534: UserWarning: A single label was found in 'y_true' and 'y_pred'. For the confusion matrix to have the correct shape, use the 'labels' parameter to pass all known labels.
  warnings.warn(
/home/deli/Data/miniconda3/envs/mfl/lib/python3.10/site-packages/sklearn/metrics/_ranking.py:424: UndefinedMetricWarning: Only one class is present in y_true. ROC AUC score is not defined in that case.
  warnings.warn(
/home/deli/Data/miniconda3/envs/mfl/lib/python3.10/site-packages/sklearn/metrics/_classification.py:534: UserWarning: A single label was found in 'y_true' and 'y_pred'. For the confusion matrix to have the correct shape, use the 'labels' parameter to pass all known labels.
  warnings.warn(
/home/deli/Data/miniconda3/envs/mfl/lib/python3.10/site-packages/sklearn/metrics/_ranking.py:424: UndefinedMetricWarning: Only one class is present in y_true. ROC AUC score is not defined in that case.
  warnings.warn(
/home/deli/Data/miniconda3/envs/mfl/lib/python3.10/site-packages/sklearn/svm/_base.py:1250: ConvergenceWarning: Liblinear failed to converge, increase the number of iterations.
  warnings.warn(
/home/deli/Data/miniconda3/envs/mfl/lib/python3.10/site-packages/sklearn/metrics/_classification.py:534: UserWarning: A single label was found in 'y_true' and 'y_pred'. For the confusion matrix to have the correct shape, use the 'labels' parameter to pass all known labels.
  warnings.warn(
/home/deli/Data/miniconda3/envs/mfl/lib/python3.10/site-packages/sklearn/metrics/_classification.py:534: UserWarning: A single label was found in 'y_true' and 'y_pred'. For the confusion matrix to have the correct shape, use the 'labels' parameter to pass all known labels.
  warnings.warn(
/home/deli/Data/miniconda3/envs/mfl/lib/python3.10/site-packages/sklearn/metrics/_classification.py:534: UserWarning: A single label was found in 'y_true' and 'y_pred'. For the confusion matrix to have the correct shape, use the 'labels' parameter to pass all known labels.
  warnings.warn(
/home/deli/Data/miniconda3/envs/mfl/lib/python3.10/site-packages/sklearn/metrics/_ranking.py:424: UndefinedMetricWarning: Only one class is present in y_true. ROC AUC score is not defined in that case.
  warnings.warn(
/home/deli/Data/miniconda3/envs/mfl/lib/python3.10/site-packages/sklearn/metrics/_classification.py:534: UserWarning: A single label was found in 'y_true' and 'y_pred'. For the confusion matrix to have the correct shape, use the 'labels' parameter to pass all known labels.
  warnings.warn(
/home/deli/Data/miniconda3/envs/mfl/lib/python3.10/site-packages/sklearn/metrics/_ranking.py:424: UndefinedMetricWarning: Only one class is present in y_true. ROC AUC score is not defined in that case.
  warnings.warn(
/home/deli/Data/miniconda3/envs/mfl/lib/python3.10/site-packages/sklearn/metrics/_classification.py:534: UserWarning: A single label was found in 'y_true' and 'y_pred'. For the confusion matrix to have the correct shape, use the 'labels' parameter to pass all known labels.
  warnings.warn(
/home/deli/Data/miniconda3/envs/mfl/lib/python3.10/site-packages/sklearn/metrics/_ranking.py:424: UndefinedMetricWarning: Only one class is present in y_true. ROC AUC score is not defined in that case.
  warnings.warn(
/home/deli/Data/miniconda3/envs/mfl/lib/python3.10/site-packages/sklearn/metrics/_classification.py:2801: UserWarning: y_pred contains classes not in y_true
  warnings.warn("y_pred contains classes not in y_true")
/home/deli/Data/miniconda3/envs/mfl/lib/python3.10/site-packages/sklearn/metrics/_classification.py:2801: UserWarning: y_pred contains classes not in y_true
  warnings.warn("y_pred contains classes not in y_true")
/home/deli/Data/miniconda3/envs/mfl/lib/python3.10/site-packages/sklearn/metrics/_classification.py:2801: UserWarning: y_pred contains classes not in y_true
  warnings.warn("y_pred contains classes not in y_true")
/home/deli/Data/miniconda3/envs/mfl/lib/python3.10/site-packages/sklearn/metrics/_classification.py:2801: UserWarning: y_pred contains classes not in y_true
  warnings.warn("y_pred contains classes not in y_true")
/home/deli/Data/miniconda3/envs/mfl/lib/python3.10/site-packages/sklearn/metrics/_classification.py:2801: UserWarning: y_pred contains classes not in y_true
  warnings.warn("y_pred contains classes not in y_true")
/home/deli/Data/miniconda3/envs/mfl/lib/python3.10/site-packages/sklearn/metrics/_classification.py:2801: UserWarning: y_pred contains classes not in y_true
  warnings.warn("y_pred contains classes not in y_true")
/home/deli/Data/miniconda3/envs/mfl/lib/python3.10/site-packages/sklearn/metrics/_classification.py:2801: UserWarning: y_pred contains classes not in y_true
  warnings.warn("y_pred contains classes not in y_true")
/home/deli/Data/miniconda3/envs/mfl/lib/python3.10/site-packages/sklearn/metrics/_classification.py:2801: UserWarning: y_pred contains classes not in y_true
  warnings.warn("y_pred contains classes not in y_true")
/home/deli/Data/miniconda3/envs/mfl/lib/python3.10/site-packages/sklearn/metrics/_classification.py:2801: UserWarning: y_pred contains classes not in y_true
  warnings.warn("y_pred contains classes not in y_true")
/home/deli/Data/miniconda3/envs/mfl/lib/python3.10/site-packages/sklearn/metrics/_classification.py:2801: UserWarning: y_pred contains classes not in y_true
  warnings.warn("y_pred contains classes not in y_true")
/home/deli/Data/miniconda3/envs/mfl/lib/python3.10/site-packages/sklearn/metrics/_classification.py:2801: UserWarning: y_pred contains classes not in y_true
  warnings.warn("y_pred contains classes not in y_true")
/home/deli/Data/miniconda3/envs/mfl/lib/python3.10/site-packages/sklearn/metrics/_classification.py:98: UserWarning: The number of unique classes is greater than 50% of the number of samples. `y` could represent a regression problem, not a classification problem.
  type_true = type_of_target(y_true, input_name="y_true")
/home/deli/Data/miniconda3/envs/mfl/lib/python3.10/site-packages/sklearn/metrics/_classification.py:99: UserWarning: The number of unique classes is greater than 50% of the number of samples. `y` could represent a regression problem, not a classification problem.
  type_pred = type_of_target(y_pred, input_name="y_pred")
/home/deli/Data/miniconda3/envs/mfl/lib/python3.10/site-packages/sklearn/metrics/_classification.py:98: UserWarning: The number of unique classes is greater than 50% of the number of samples. `y` could represent a regression problem, not a classification problem.
  type_true = type_of_target(y_true, input_name="y_true")
/home/deli/Data/miniconda3/envs/mfl/lib/python3.10/site-packages/sklearn/metrics/_classification.py:99: UserWarning: The number of unique classes is greater than 50% of the number of samples. `y` could represent a regression problem, not a classification problem.
  type_pred = type_of_target(y_pred, input_name="y_pred")
/home/deli/Data/miniconda3/envs/mfl/lib/python3.10/site-packages/sklearn/metrics/_classification.py:98: UserWarning: The number of unique classes is greater than 50% of the number of samples. `y` could represent a regression problem, not a classification problem.
  type_true = type_of_target(y_true, input_name="y_true")
/home/deli/Data/miniconda3/envs/mfl/lib/python3.10/site-packages/sklearn/metrics/_classification.py:99: UserWarning: The number of unique classes is greater than 50% of the number of samples. `y` could represent a regression problem, not a classification problem.
  type_pred = type_of_target(y_pred, input_name="y_pred")
/home/deli/Data/miniconda3/envs/mfl/lib/python3.10/site-packages/sklearn/metrics/_classification.py:98: UserWarning: The number of unique classes is greater than 50% of the number of samples. `y` could represent a regression problem, not a classification problem.
  type_true = type_of_target(y_true, input_name="y_true")
/home/deli/Data/miniconda3/envs/mfl/lib/python3.10/site-packages/sklearn/metrics/_classification.py:99: UserWarning: The number of unique classes is greater than 50% of the number of samples. `y` could represent a regression problem, not a classification problem.
  type_pred = type_of_target(y_pred, input_name="y_pred")
/home/deli/Data/miniconda3/envs/mfl/lib/python3.10/site-packages/sklearn/metrics/_classification.py:98: UserWarning: The number of unique classes is greater than 50% of the number of samples. `y` could represent a regression problem, not a classification problem.
  type_true = type_of_target(y_true, input_name="y_true")
/home/deli/Data/miniconda3/envs/mfl/lib/python3.10/site-packages/sklearn/metrics/_classification.py:99: UserWarning: The number of unique classes is greater than 50% of the number of samples. `y` could represent a regression problem, not a classification problem.
  type_pred = type_of_target(y_pred, input_name="y_pred")
/home/deli/Data/miniconda3/envs/mfl/lib/python3.10/site-packages/sklearn/metrics/_classification.py:98: UserWarning: The number of unique classes is greater than 50% of the number of samples. `y` could represent a regression problem, not a classification problem.
  type_true = type_of_target(y_true, input_name="y_true")
/home/deli/Data/miniconda3/envs/mfl/lib/python3.10/site-packages/sklearn/metrics/_classification.py:99: UserWarning: The number of unique classes is greater than 50% of the number of samples. `y` could represent a regression problem, not a classification problem.
  type_pred = type_of_target(y_pred, input_name="y_pred")
/home/deli/Data/miniconda3/envs/mfl/lib/python3.10/site-packages/sklearn/metrics/_classification.py:98: UserWarning: The number of unique classes is greater than 50% of the number of samples. `y` could represent a regression problem, not a classification problem.
  type_true = type_of_target(y_true, input_name="y_true")
/home/deli/Data/miniconda3/envs/mfl/lib/python3.10/site-packages/sklearn/metrics/_classification.py:99: UserWarning: The number of unique classes is greater than 50% of the number of samples. `y` could represent a regression problem, not a classification problem.
  type_pred = type_of_target(y_pred, input_name="y_pred")
/home/deli/Data/miniconda3/envs/mfl/lib/python3.10/site-packages/sklearn/metrics/_classification.py:98: UserWarning: The number of unique classes is greater than 50% of the number of samples. `y` could represent a regression problem, not a classification problem.
  type_true = type_of_target(y_true, input_name="y_true")
/home/deli/Data/miniconda3/envs/mfl/lib/python3.10/site-packages/sklearn/metrics/_classification.py:99: UserWarning: The number of unique classes is greater than 50% of the number of samples. `y` could represent a regression problem, not a classification problem.
  type_pred = type_of_target(y_pred, input_name="y_pred")
/home/deli/Data/miniconda3/envs/mfl/lib/python3.10/site-packages/sklearn/metrics/_classification.py:98: UserWarning: The number of unique classes is greater than 50% of the number of samples. `y` could represent a regression problem, not a classification problem.
  type_true = type_of_target(y_true, input_name="y_true")
/home/deli/Data/miniconda3/envs/mfl/lib/python3.10/site-packages/sklearn/metrics/_classification.py:99: UserWarning: The number of unique classes is greater than 50% of the number of samples. `y` could represent a regression problem, not a classification problem.
  type_pred = type_of_target(y_pred, input_name="y_pred")
/home/deli/Data/miniconda3/envs/mfl/lib/python3.10/site-packages/sklearn/metrics/_classification.py:98: UserWarning: The number of unique classes is greater than 50% of the number of samples. `y` could represent a regression problem, not a classification problem.
  type_true = type_of_target(y_true, input_name="y_true")
/home/deli/Data/miniconda3/envs/mfl/lib/python3.10/site-packages/sklearn/metrics/_classification.py:99: UserWarning: The number of unique classes is greater than 50% of the number of samples. `y` could represent a regression problem, not a classification problem.
  type_pred = type_of_target(y_pred, input_name="y_pred")
/home/deli/Data/miniconda3/envs/mfl/lib/python3.10/site-packages/sklearn/metrics/_classification.py:98: UserWarning: The number of unique classes is greater than 50% of the number of samples. `y` could represent a regression problem, not a classification problem.
  type_true = type_of_target(y_true, input_name="y_true")
/home/deli/Data/miniconda3/envs/mfl/lib/python3.10/site-packages/sklearn/metrics/_classification.py:99: UserWarning: The number of unique classes is greater than 50% of the number of samples. `y` could represent a regression problem, not a classification problem.
  type_pred = type_of_target(y_pred, input_name="y_pred")
/home/deli/Data/miniconda3/envs/mfl/lib/python3.10/site-packages/sklearn/metrics/_classification.py:98: UserWarning: The number of unique classes is greater than 50% of the number of samples. `y` could represent a regression problem, not a classification problem.
  type_true = type_of_target(y_true, input_name="y_true")
/home/deli/Data/miniconda3/envs/mfl/lib/python3.10/site-packages/sklearn/metrics/_classification.py:99: UserWarning: The number of unique classes is greater than 50% of the number of samples. `y` could represent a regression problem, not a classification problem.
  type_pred = type_of_target(y_pred, input_name="y_pred")
/home/deli/Data/miniconda3/envs/mfl/lib/python3.10/site-packages/sklearn/metrics/_classification.py:98: UserWarning: The number of unique classes is greater than 50% of the number of samples. `y` could represent a regression problem, not a classification problem.
  type_true = type_of_target(y_true, input_name="y_true")
/home/deli/Data/miniconda3/envs/mfl/lib/python3.10/site-packages/sklearn/metrics/_classification.py:99: UserWarning: The number of unique classes is greater than 50% of the number of samples. `y` could represent a regression problem, not a classification problem.
  type_pred = type_of_target(y_pred, input_name="y_pred")
/home/deli/Data/miniconda3/envs/mfl/lib/python3.10/site-packages/sklearn/metrics/_classification.py:98: UserWarning: The number of unique classes is greater than 50% of the number of samples. `y` could represent a regression problem, not a classification problem.
  type_true = type_of_target(y_true, input_name="y_true")
/home/deli/Data/miniconda3/envs/mfl/lib/python3.10/site-packages/sklearn/metrics/_classification.py:99: UserWarning: The number of unique classes is greater than 50% of the number of samples. `y` could represent a regression problem, not a classification problem.
  type_pred = type_of_target(y_pred, input_name="y_pred")
/home/deli/Data/miniconda3/envs/mfl/lib/python3.10/site-packages/sklearn/metrics/_classification.py:98: UserWarning: The number of unique classes is greater than 50% of the number of samples. `y` could represent a regression problem, not a classification problem.
  type_true = type_of_target(y_true, input_name="y_true")
/home/deli/Data/miniconda3/envs/mfl/lib/python3.10/site-packages/sklearn/metrics/_classification.py:99: UserWarning: The number of unique classes is greater than 50% of the number of samples. `y` could represent a regression problem, not a classification problem.
  type_pred = type_of_target(y_pred, input_name="y_pred")
/home/deli/Data/miniconda3/envs/mfl/lib/python3.10/site-packages/sklearn/metrics/_classification.py:98: UserWarning: The number of unique classes is greater than 50% of the number of samples. `y` could represent a regression problem, not a classification problem.
  type_true = type_of_target(y_true, input_name="y_true")
/home/deli/Data/miniconda3/envs/mfl/lib/python3.10/site-packages/sklearn/metrics/_classification.py:99: UserWarning: The number of unique classes is greater than 50% of the number of samples. `y` could represent a regression problem, not a classification problem.
  type_pred = type_of_target(y_pred, input_name="y_pred")
/home/deli/Data/miniconda3/envs/mfl/lib/python3.10/site-packages/sklearn/metrics/_classification.py:98: UserWarning: The number of unique classes is greater than 50% of the number of samples. `y` could represent a regression problem, not a classification problem.
  type_true = type_of_target(y_true, input_name="y_true")
/home/deli/Data/miniconda3/envs/mfl/lib/python3.10/site-packages/sklearn/metrics/_classification.py:99: UserWarning: The number of unique classes is greater than 50% of the number of samples. `y` could represent a regression problem, not a classification problem.
  type_pred = type_of_target(y_pred, input_name="y_pred")
/home/deli/Data/miniconda3/envs/mfl/lib/python3.10/site-packages/sklearn/metrics/_classification.py:98: UserWarning: The number of unique classes is greater than 50% of the number of samples. `y` could represent a regression problem, not a classification problem.
  type_true = type_of_target(y_true, input_name="y_true")
/home/deli/Data/miniconda3/envs/mfl/lib/python3.10/site-packages/sklearn/metrics/_classification.py:99: UserWarning: The number of unique classes is greater than 50% of the number of samples. `y` could represent a regression problem, not a classification problem.
  type_pred = type_of_target(y_pred, input_name="y_pred")
/home/deli/Data/miniconda3/envs/mfl/lib/python3.10/site-packages/sklearn/metrics/_classification.py:98: UserWarning: The number of unique classes is greater than 50% of the number of samples. `y` could represent a regression problem, not a classification problem.
  type_true = type_of_target(y_true, input_name="y_true")
/home/deli/Data/miniconda3/envs/mfl/lib/python3.10/site-packages/sklearn/metrics/_classification.py:99: UserWarning: The number of unique classes is greater than 50% of the number of samples. `y` could represent a regression problem, not a classification problem.
  type_pred = type_of_target(y_pred, input_name="y_pred")
/home/deli/Data/miniconda3/envs/mfl/lib/python3.10/site-packages/sklearn/metrics/_classification.py:98: UserWarning: The number of unique classes is greater than 50% of the number of samples. `y` could represent a regression problem, not a classification problem.
  type_true = type_of_target(y_true, input_name="y_true")
/home/deli/Data/miniconda3/envs/mfl/lib/python3.10/site-packages/sklearn/metrics/_classification.py:99: UserWarning: The number of unique classes is greater than 50% of the number of samples. `y` could represent a regression problem, not a classification problem.
  type_pred = type_of_target(y_pred, input_name="y_pred")
/home/deli/Data/miniconda3/envs/mfl/lib/python3.10/site-packages/sklearn/metrics/_classification.py:98: UserWarning: The number of unique classes is greater than 50% of the number of samples. `y` could represent a regression problem, not a classification problem.
  type_true = type_of_target(y_true, input_name="y_true")
/home/deli/Data/miniconda3/envs/mfl/lib/python3.10/site-packages/sklearn/metrics/_classification.py:99: UserWarning: The number of unique classes is greater than 50% of the number of samples. `y` could represent a regression problem, not a classification problem.
  type_pred = type_of_target(y_pred, input_name="y_pred")
/home/deli/Data/miniconda3/envs/mfl/lib/python3.10/site-packages/sklearn/metrics/_classification.py:98: UserWarning: The number of unique classes is greater than 50% of the number of samples. `y` could represent a regression problem, not a classification problem.
  type_true = type_of_target(y_true, input_name="y_true")
/home/deli/Data/miniconda3/envs/mfl/lib/python3.10/site-packages/sklearn/metrics/_classification.py:99: UserWarning: The number of unique classes is greater than 50% of the number of samples. `y` could represent a regression problem, not a classification problem.
  type_pred = type_of_target(y_pred, input_name="y_pred")
/home/deli/Data/miniconda3/envs/mfl/lib/python3.10/site-packages/sklearn/metrics/_classification.py:98: UserWarning: The number of unique classes is greater than 50% of the number of samples. `y` could represent a regression problem, not a classification problem.
  type_true = type_of_target(y_true, input_name="y_true")
/home/deli/Data/miniconda3/envs/mfl/lib/python3.10/site-packages/sklearn/metrics/_classification.py:99: UserWarning: The number of unique classes is greater than 50% of the number of samples. `y` could represent a regression problem, not a classification problem.
  type_pred = type_of_target(y_pred, input_name="y_pred")
/home/deli/Data/miniconda3/envs/mfl/lib/python3.10/site-packages/sklearn/metrics/_classification.py:98: UserWarning: The number of unique classes is greater than 50% of the number of samples. `y` could represent a regression problem, not a classification problem.
  type_true = type_of_target(y_true, input_name="y_true")
/home/deli/Data/miniconda3/envs/mfl/lib/python3.10/site-packages/sklearn/metrics/_classification.py:99: UserWarning: The number of unique classes is greater than 50% of the number of samples. `y` could represent a regression problem, not a classification problem.
  type_pred = type_of_target(y_pred, input_name="y_pred")
/home/deli/Data/miniconda3/envs/mfl/lib/python3.10/site-packages/sklearn/metrics/_classification.py:2801: UserWarning: y_pred contains classes not in y_true
  warnings.warn("y_pred contains classes not in y_true")
/home/deli/Data/miniconda3/envs/mfl/lib/python3.10/site-packages/sklearn/metrics/_classification.py:98: UserWarning: The number of unique classes is greater than 50% of the number of samples. `y` could represent a regression problem, not a classification problem.
  type_true = type_of_target(y_true, input_name="y_true")
/home/deli/Data/miniconda3/envs/mfl/lib/python3.10/site-packages/sklearn/metrics/_classification.py:99: UserWarning: The number of unique classes is greater than 50% of the number of samples. `y` could represent a regression problem, not a classification problem.
  type_pred = type_of_target(y_pred, input_name="y_pred")
/home/deli/Data/miniconda3/envs/mfl/lib/python3.10/site-packages/sklearn/metrics/_classification.py:98: UserWarning: The number of unique classes is greater than 50% of the number of samples. `y` could represent a regression problem, not a classification problem.
  type_true = type_of_target(y_true, input_name="y_true")
/home/deli/Data/miniconda3/envs/mfl/lib/python3.10/site-packages/sklearn/metrics/_classification.py:99: UserWarning: The number of unique classes is greater than 50% of the number of samples. `y` could represent a regression problem, not a classification problem.
  type_pred = type_of_target(y_pred, input_name="y_pred")
/home/deli/Data/miniconda3/envs/mfl/lib/python3.10/site-packages/sklearn/metrics/_classification.py:98: UserWarning: The number of unique classes is greater than 50% of the number of samples. `y` could represent a regression problem, not a classification problem.
  type_true = type_of_target(y_true, input_name="y_true")
/home/deli/Data/miniconda3/envs/mfl/lib/python3.10/site-packages/sklearn/metrics/_classification.py:99: UserWarning: The number of unique classes is greater than 50% of the number of samples. `y` could represent a regression problem, not a classification problem.
  type_pred = type_of_target(y_pred, input_name="y_pred")
/home/deli/Data/miniconda3/envs/mfl/lib/python3.10/site-packages/sklearn/metrics/_classification.py:98: UserWarning: The number of unique classes is greater than 50% of the number of samples. `y` could represent a regression problem, not a classification problem.
  type_true = type_of_target(y_true, input_name="y_true")
/home/deli/Data/miniconda3/envs/mfl/lib/python3.10/site-packages/sklearn/metrics/_classification.py:99: UserWarning: The number of unique classes is greater than 50% of the number of samples. `y` could represent a regression problem, not a classification problem.
  type_pred = type_of_target(y_pred, input_name="y_pred")
/home/deli/Data/miniconda3/envs/mfl/lib/python3.10/site-packages/sklearn/metrics/_classification.py:98: UserWarning: The number of unique classes is greater than 50% of the number of samples. `y` could represent a regression problem, not a classification problem.
  type_true = type_of_target(y_true, input_name="y_true")
/home/deli/Data/miniconda3/envs/mfl/lib/python3.10/site-packages/sklearn/metrics/_classification.py:99: UserWarning: The number of unique classes is greater than 50% of the number of samples. `y` could represent a regression problem, not a classification problem.
  type_pred = type_of_target(y_pred, input_name="y_pred")
/home/deli/Data/miniconda3/envs/mfl/lib/python3.10/site-packages/sklearn/metrics/_classification.py:98: UserWarning: The number of unique classes is greater than 50% of the number of samples. `y` could represent a regression problem, not a classification problem.
  type_true = type_of_target(y_true, input_name="y_true")
/home/deli/Data/miniconda3/envs/mfl/lib/python3.10/site-packages/sklearn/metrics/_classification.py:99: UserWarning: The number of unique classes is greater than 50% of the number of samples. `y` could represent a regression problem, not a classification problem.
  type_pred = type_of_target(y_pred, input_name="y_pred")
/home/deli/Data/miniconda3/envs/mfl/lib/python3.10/site-packages/sklearn/metrics/_classification.py:98: UserWarning: The number of unique classes is greater than 50% of the number of samples. `y` could represent a regression problem, not a classification problem.
  type_true = type_of_target(y_true, input_name="y_true")
/home/deli/Data/miniconda3/envs/mfl/lib/python3.10/site-packages/sklearn/metrics/_classification.py:99: UserWarning: The number of unique classes is greater than 50% of the number of samples. `y` could represent a regression problem, not a classification problem.
  type_pred = type_of_target(y_pred, input_name="y_pred")
/home/deli/Data/miniconda3/envs/mfl/lib/python3.10/site-packages/sklearn/metrics/_classification.py:98: UserWarning: The number of unique classes is greater than 50% of the number of samples. `y` could represent a regression problem, not a classification problem.
  type_true = type_of_target(y_true, input_name="y_true")
/home/deli/Data/miniconda3/envs/mfl/lib/python3.10/site-packages/sklearn/metrics/_classification.py:99: UserWarning: The number of unique classes is greater than 50% of the number of samples. `y` could represent a regression problem, not a classification problem.
  type_pred = type_of_target(y_pred, input_name="y_pred")
/home/deli/Data/miniconda3/envs/mfl/lib/python3.10/site-packages/sklearn/metrics/_classification.py:98: UserWarning: The number of unique classes is greater than 50% of the number of samples. `y` could represent a regression problem, not a classification problem.
  type_true = type_of_target(y_true, input_name="y_true")
/home/deli/Data/miniconda3/envs/mfl/lib/python3.10/site-packages/sklearn/metrics/_classification.py:99: UserWarning: The number of unique classes is greater than 50% of the number of samples. `y` could represent a regression problem, not a classification problem.
  type_pred = type_of_target(y_pred, input_name="y_pred")
/home/deli/Data/miniconda3/envs/mfl/lib/python3.10/site-packages/sklearn/metrics/_classification.py:98: UserWarning: The number of unique classes is greater than 50% of the number of samples. `y` could represent a regression problem, not a classification problem.
  type_true = type_of_target(y_true, input_name="y_true")
/home/deli/Data/miniconda3/envs/mfl/lib/python3.10/site-packages/sklearn/metrics/_classification.py:99: UserWarning: The number of unique classes is greater than 50% of the number of samples. `y` could represent a regression problem, not a classification problem.
  type_pred = type_of_target(y_pred, input_name="y_pred")
/home/deli/Data/miniconda3/envs/mfl/lib/python3.10/site-packages/sklearn/metrics/_classification.py:98: UserWarning: The number of unique classes is greater than 50% of the number of samples. `y` could represent a regression problem, not a classification problem.
  type_true = type_of_target(y_true, input_name="y_true")
/home/deli/Data/miniconda3/envs/mfl/lib/python3.10/site-packages/sklearn/metrics/_classification.py:99: UserWarning: The number of unique classes is greater than 50% of the number of samples. `y` could represent a regression problem, not a classification problem.
  type_pred = type_of_target(y_pred, input_name="y_pred")
/home/deli/Data/miniconda3/envs/mfl/lib/python3.10/site-packages/sklearn/metrics/_classification.py:98: UserWarning: The number of unique classes is greater than 50% of the number of samples. `y` could represent a regression problem, not a classification problem.
  type_true = type_of_target(y_true, input_name="y_true")
/home/deli/Data/miniconda3/envs/mfl/lib/python3.10/site-packages/sklearn/metrics/_classification.py:99: UserWarning: The number of unique classes is greater than 50% of the number of samples. `y` could represent a regression problem, not a classification problem.
  type_pred = type_of_target(y_pred, input_name="y_pred")
/home/deli/Data/miniconda3/envs/mfl/lib/python3.10/site-packages/sklearn/metrics/_classification.py:98: UserWarning: The number of unique classes is greater than 50% of the number of samples. `y` could represent a regression problem, not a classification problem.
  type_true = type_of_target(y_true, input_name="y_true")
/home/deli/Data/miniconda3/envs/mfl/lib/python3.10/site-packages/sklearn/metrics/_classification.py:99: UserWarning: The number of unique classes is greater than 50% of the number of samples. `y` could represent a regression problem, not a classification problem.
  type_pred = type_of_target(y_pred, input_name="y_pred")
/home/deli/Data/miniconda3/envs/mfl/lib/python3.10/site-packages/sklearn/metrics/_classification.py:98: UserWarning: The number of unique classes is greater than 50% of the number of samples. `y` could represent a regression problem, not a classification problem.
  type_true = type_of_target(y_true, input_name="y_true")
/home/deli/Data/miniconda3/envs/mfl/lib/python3.10/site-packages/sklearn/metrics/_classification.py:99: UserWarning: The number of unique classes is greater than 50% of the number of samples. `y` could represent a regression problem, not a classification problem.
  type_pred = type_of_target(y_pred, input_name="y_pred")
/home/deli/Data/miniconda3/envs/mfl/lib/python3.10/site-packages/sklearn/metrics/_classification.py:98: UserWarning: The number of unique classes is greater than 50% of the number of samples. `y` could represent a regression problem, not a classification problem.
  type_true = type_of_target(y_true, input_name="y_true")
/home/deli/Data/miniconda3/envs/mfl/lib/python3.10/site-packages/sklearn/metrics/_classification.py:99: UserWarning: The number of unique classes is greater than 50% of the number of samples. `y` could represent a regression problem, not a classification problem.
  type_pred = type_of_target(y_pred, input_name="y_pred")
/home/deli/Data/miniconda3/envs/mfl/lib/python3.10/site-packages/sklearn/metrics/_classification.py:98: UserWarning: The number of unique classes is greater than 50% of the number of samples. `y` could represent a regression problem, not a classification problem.
  type_true = type_of_target(y_true, input_name="y_true")
/home/deli/Data/miniconda3/envs/mfl/lib/python3.10/site-packages/sklearn/metrics/_classification.py:99: UserWarning: The number of unique classes is greater than 50% of the number of samples. `y` could represent a regression problem, not a classification problem.
  type_pred = type_of_target(y_pred, input_name="y_pred")
/home/deli/Data/miniconda3/envs/mfl/lib/python3.10/site-packages/sklearn/metrics/_classification.py:98: UserWarning: The number of unique classes is greater than 50% of the number of samples. `y` could represent a regression problem, not a classification problem.
  type_true = type_of_target(y_true, input_name="y_true")
/home/deli/Data/miniconda3/envs/mfl/lib/python3.10/site-packages/sklearn/metrics/_classification.py:99: UserWarning: The number of unique classes is greater than 50% of the number of samples. `y` could represent a regression problem, not a classification problem.
  type_pred = type_of_target(y_pred, input_name="y_pred")
/home/deli/Data/miniconda3/envs/mfl/lib/python3.10/site-packages/sklearn/decomposition/_pca.py:787: RuntimeWarning: invalid value encountered in divide
  self.explained_variance_ratio_ = self.explained_variance_ / total_var
/home/deli/Data/miniconda3/envs/mfl/lib/python3.10/site-packages/sklearn/decomposition/_pca.py:787: RuntimeWarning: invalid value encountered in divide
  self.explained_variance_ratio_ = self.explained_variance_ / total_var
/home/deli/Data/miniconda3/envs/mfl/lib/python3.10/site-packages/sklearn/decomposition/_pca.py:787: RuntimeWarning: invalid value encountered in divide
  self.explained_variance_ratio_ = self.explained_variance_ / total_var
/home/deli/Data/miniconda3/envs/mfl/lib/python3.10/site-packages/sklearn/decomposition/_pca.py:787: RuntimeWarning: invalid value encountered in divide
  self.explained_variance_ratio_ = self.explained_variance_ / total_var
/home/deli/Data/miniconda3/envs/mfl/lib/python3.10/site-packages/sklearn/decomposition/_pca.py:787: RuntimeWarning: invalid value encountered in divide
  self.explained_variance_ratio_ = self.explained_variance_ / total_var
/home/deli/Data/miniconda3/envs/mfl/lib/python3.10/site-packages/sklearn/metrics/_classification.py:534: UserWarning: A single label was found in 'y_true' and 'y_pred'. For the confusion matrix to have the correct shape, use the 'labels' parameter to pass all known labels.
  warnings.warn(
/home/deli/Data/miniconda3/envs/mfl/lib/python3.10/site-packages/sklearn/metrics/_classification.py:534: UserWarning: A single label was found in 'y_true' and 'y_pred'. For the confusion matrix to have the correct shape, use the 'labels' parameter to pass all known labels.
  warnings.warn(
/home/deli/Data/miniconda3/envs/mfl/lib/python3.10/site-packages/sklearn/metrics/_classification.py:534: UserWarning: A single label was found in 'y_true' and 'y_pred'. For the confusion matrix to have the correct shape, use the 'labels' parameter to pass all known labels.
  warnings.warn(
/home/deli/Data/miniconda3/envs/mfl/lib/python3.10/site-packages/sklearn/metrics/_ranking.py:424: UndefinedMetricWarning: Only one class is present in y_true. ROC AUC score is not defined in that case.
  warnings.warn(
/home/deli/Data/miniconda3/envs/mfl/lib/python3.10/site-packages/sklearn/decomposition/_pca.py:787: RuntimeWarning: invalid value encountered in divide
  self.explained_variance_ratio_ = self.explained_variance_ / total_var
/home/deli/Data/miniconda3/envs/mfl/lib/python3.10/site-packages/sklearn/decomposition/_pca.py:787: RuntimeWarning: invalid value encountered in divide
  self.explained_variance_ratio_ = self.explained_variance_ / total_var
/home/deli/Data/miniconda3/envs/mfl/lib/python3.10/site-packages/sklearn/decomposition/_pca.py:787: RuntimeWarning: invalid value encountered in divide
  self.explained_variance_ratio_ = self.explained_variance_ / total_var
/home/deli/Data/miniconda3/envs/mfl/lib/python3.10/site-packages/sklearn/metrics/_classification.py:534: UserWarning: A single label was found in 'y_true' and 'y_pred'. For the confusion matrix to have the correct shape, use the 'labels' parameter to pass all known labels.
  warnings.warn(
/home/deli/Data/miniconda3/envs/mfl/lib/python3.10/site-packages/sklearn/metrics/_ranking.py:424: UndefinedMetricWarning: Only one class is present in y_true. ROC AUC score is not defined in that case.
  warnings.warn(
/home/deli/Data/miniconda3/envs/mfl/lib/python3.10/site-packages/sklearn/decomposition/_pca.py:787: RuntimeWarning: invalid value encountered in divide
  self.explained_variance_ratio_ = self.explained_variance_ / total_var
/home/deli/Data/miniconda3/envs/mfl/lib/python3.10/site-packages/sklearn/decomposition/_pca.py:787: RuntimeWarning: invalid value encountered in divide
  self.explained_variance_ratio_ = self.explained_variance_ / total_var
/home/deli/Data/miniconda3/envs/mfl/lib/python3.10/site-packages/sklearn/metrics/_classification.py:534: UserWarning: A single label was found in 'y_true' and 'y_pred'. For the confusion matrix to have the correct shape, use the 'labels' parameter to pass all known labels.
  warnings.warn(
/home/deli/Data/miniconda3/envs/mfl/lib/python3.10/site-packages/sklearn/metrics/_ranking.py:424: UndefinedMetricWarning: Only one class is present in y_true. ROC AUC score is not defined in that case.
  warnings.warn(
/home/deli/Data/miniconda3/envs/mfl/lib/python3.10/site-packages/sklearn/decomposition/_pca.py:787: RuntimeWarning: invalid value encountered in divide
  self.explained_variance_ratio_ = self.explained_variance_ / total_var
/home/deli/Data/miniconda3/envs/mfl/lib/python3.10/site-packages/sklearn/decomposition/_pca.py:787: RuntimeWarning: invalid value encountered in divide
  self.explained_variance_ratio_ = self.explained_variance_ / total_var
/home/deli/Data/miniconda3/envs/mfl/lib/python3.10/site-packages/sklearn/decomposition/_pca.py:787: RuntimeWarning: invalid value encountered in divide
  self.explained_variance_ratio_ = self.explained_variance_ / total_var
/home/deli/Data/miniconda3/envs/mfl/lib/python3.10/site-packages/sklearn/decomposition/_pca.py:787: RuntimeWarning: invalid value encountered in divide
  self.explained_variance_ratio_ = self.explained_variance_ / total_var
/home/deli/Data/miniconda3/envs/mfl/lib/python3.10/site-packages/sklearn/decomposition/_pca.py:787: RuntimeWarning: invalid value encountered in divide
  self.explained_variance_ratio_ = self.explained_variance_ / total_var
/home/deli/Data/miniconda3/envs/mfl/lib/python3.10/site-packages/sklearn/decomposition/_pca.py:787: RuntimeWarning: invalid value encountered in divide
  self.explained_variance_ratio_ = self.explained_variance_ / total_var
/home/deli/Data/miniconda3/envs/mfl/lib/python3.10/site-packages/sklearn/decomposition/_pca.py:787: RuntimeWarning: invalid value encountered in divide
  self.explained_variance_ratio_ = self.explained_variance_ / total_var
/home/deli/Data/miniconda3/envs/mfl/lib/python3.10/site-packages/sklearn/decomposition/_pca.py:787: RuntimeWarning: invalid value encountered in divide
  self.explained_variance_ratio_ = self.explained_variance_ / total_var
/home/deli/Data/miniconda3/envs/mfl/lib/python3.10/site-packages/sklearn/decomposition/_pca.py:787: RuntimeWarning: invalid value encountered in divide
  self.explained_variance_ratio_ = self.explained_variance_ / total_var
/home/deli/Data/miniconda3/envs/mfl/lib/python3.10/site-packages/sklearn/decomposition/_pca.py:787: RuntimeWarning: invalid value encountered in divide
  self.explained_variance_ratio_ = self.explained_variance_ / total_var
/home/deli/Data/miniconda3/envs/mfl/lib/python3.10/site-packages/sklearn/decomposition/_pca.py:787: RuntimeWarning: invalid value encountered in divide
  self.explained_variance_ratio_ = self.explained_variance_ / total_var
/home/deli/Data/miniconda3/envs/mfl/lib/python3.10/site-packages/sklearn/decomposition/_pca.py:787: RuntimeWarning: invalid value encountered in divide
  self.explained_variance_ratio_ = self.explained_variance_ / total_var
/home/deli/Data/miniconda3/envs/mfl/lib/python3.10/site-packages/sklearn/decomposition/_pca.py:787: RuntimeWarning: invalid value encountered in divide
  self.explained_variance_ratio_ = self.explained_variance_ / total_var
/home/deli/Data/miniconda3/envs/mfl/lib/python3.10/site-packages/sklearn/decomposition/_pca.py:787: RuntimeWarning: invalid value encountered in divide
  self.explained_variance_ratio_ = self.explained_variance_ / total_var
/home/deli/Data/miniconda3/envs/mfl/lib/python3.10/site-packages/sklearn/decomposition/_pca.py:787: RuntimeWarning: invalid value encountered in divide
  self.explained_variance_ratio_ = self.explained_variance_ / total_var
/home/deli/Data/miniconda3/envs/mfl/lib/python3.10/site-packages/sklearn/metrics/_classification.py:534: UserWarning: A single label was found in 'y_true' and 'y_pred'. For the confusion matrix to have the correct shape, use the 'labels' parameter to pass all known labels.
  warnings.warn(
/home/deli/Data/miniconda3/envs/mfl/lib/python3.10/site-packages/sklearn/metrics/_classification.py:534: UserWarning: A single label was found in 'y_true' and 'y_pred'. For the confusion matrix to have the correct shape, use the 'labels' parameter to pass all known labels.
  warnings.warn(
/home/deli/Data/miniconda3/envs/mfl/lib/python3.10/site-packages/sklearn/metrics/_classification.py:534: UserWarning: A single label was found in 'y_true' and 'y_pred'. For the confusion matrix to have the correct shape, use the 'labels' parameter to pass all known labels.
  warnings.warn(
/home/deli/Data/miniconda3/envs/mfl/lib/python3.10/site-packages/sklearn/metrics/_ranking.py:424: UndefinedMetricWarning: Only one class is present in y_true. ROC AUC score is not defined in that case.
  warnings.warn(
/home/deli/Data/miniconda3/envs/mfl/lib/python3.10/site-packages/sklearn/decomposition/_pca.py:787: RuntimeWarning: invalid value encountered in divide
  self.explained_variance_ratio_ = self.explained_variance_ / total_var
/home/deli/Data/miniconda3/envs/mfl/lib/python3.10/site-packages/sklearn/decomposition/_pca.py:787: RuntimeWarning: invalid value encountered in divide
  self.explained_variance_ratio_ = self.explained_variance_ / total_var
/home/deli/Data/miniconda3/envs/mfl/lib/python3.10/site-packages/sklearn/decomposition/_pca.py:787: RuntimeWarning: invalid value encountered in divide
  self.explained_variance_ratio_ = self.explained_variance_ / total_var
/home/deli/Data/miniconda3/envs/mfl/lib/python3.10/site-packages/sklearn/metrics/_classification.py:534: UserWarning: A single label was found in 'y_true' and 'y_pred'. For the confusion matrix to have the correct shape, use the 'labels' parameter to pass all known labels.
  warnings.warn(
/home/deli/Data/miniconda3/envs/mfl/lib/python3.10/site-packages/sklearn/metrics/_ranking.py:424: UndefinedMetricWarning: Only one class is present in y_true. ROC AUC score is not defined in that case.
  warnings.warn(
/home/deli/Data/miniconda3/envs/mfl/lib/python3.10/site-packages/sklearn/decomposition/_pca.py:787: RuntimeWarning: invalid value encountered in divide
  self.explained_variance_ratio_ = self.explained_variance_ / total_var
/home/deli/Data/miniconda3/envs/mfl/lib/python3.10/site-packages/sklearn/decomposition/_pca.py:787: RuntimeWarning: invalid value encountered in divide
  self.explained_variance_ratio_ = self.explained_variance_ / total_var
/home/deli/Data/miniconda3/envs/mfl/lib/python3.10/site-packages/sklearn/metrics/_classification.py:534: UserWarning: A single label was found in 'y_true' and 'y_pred'. For the confusion matrix to have the correct shape, use the 'labels' parameter to pass all known labels.
  warnings.warn(
/home/deli/Data/miniconda3/envs/mfl/lib/python3.10/site-packages/sklearn/metrics/_ranking.py:424: UndefinedMetricWarning: Only one class is present in y_true. ROC AUC score is not defined in that case.
  warnings.warn(
/home/deli/Data/miniconda3/envs/mfl/lib/python3.10/site-packages/sklearn/metrics/_classification.py:2801: UserWarning: y_pred contains classes not in y_true
  warnings.warn("y_pred contains classes not in y_true")
/home/deli/Data/miniconda3/envs/mfl/lib/python3.10/site-packages/sklearn/metrics/_classification.py:2801: UserWarning: y_pred contains classes not in y_true
  warnings.warn("y_pred contains classes not in y_true")
/home/deli/Data/miniconda3/envs/mfl/lib/python3.10/site-packages/sklearn/metrics/_classification.py:2801: UserWarning: y_pred contains classes not in y_true
  warnings.warn("y_pred contains classes not in y_true")
/home/deli/Data/miniconda3/envs/mfl/lib/python3.10/site-packages/sklearn/metrics/_classification.py:2801: UserWarning: y_pred contains classes not in y_true
  warnings.warn("y_pred contains classes not in y_true")
/home/deli/Data/miniconda3/envs/mfl/lib/python3.10/site-packages/sklearn/decomposition/_pca.py:787: RuntimeWarning: invalid value encountered in divide
  self.explained_variance_ratio_ = self.explained_variance_ / total_var
/home/deli/Data/miniconda3/envs/mfl/lib/python3.10/site-packages/sklearn/metrics/_classification.py:2801: UserWarning: y_pred contains classes not in y_true
  warnings.warn("y_pred contains classes not in y_true")
/home/deli/Data/miniconda3/envs/mfl/lib/python3.10/site-packages/sklearn/decomposition/_pca.py:787: RuntimeWarning: invalid value encountered in divide
  self.explained_variance_ratio_ = self.explained_variance_ / total_var
/home/deli/Data/miniconda3/envs/mfl/lib/python3.10/site-packages/sklearn/metrics/_classification.py:2801: UserWarning: y_pred contains classes not in y_true
  warnings.warn("y_pred contains classes not in y_true")
/home/deli/Data/miniconda3/envs/mfl/lib/python3.10/site-packages/sklearn/decomposition/_pca.py:787: RuntimeWarning: invalid value encountered in divide
  self.explained_variance_ratio_ = self.explained_variance_ / total_var
/home/deli/Data/miniconda3/envs/mfl/lib/python3.10/site-packages/sklearn/decomposition/_pca.py:787: RuntimeWarning: invalid value encountered in divide
  self.explained_variance_ratio_ = self.explained_variance_ / total_var
/home/deli/Data/miniconda3/envs/mfl/lib/python3.10/site-packages/sklearn/metrics/_classification.py:2801: UserWarning: y_pred contains classes not in y_true
  warnings.warn("y_pred contains classes not in y_true")
/home/deli/Data/miniconda3/envs/mfl/lib/python3.10/site-packages/sklearn/decomposition/_pca.py:787: RuntimeWarning: invalid value encountered in divide
  self.explained_variance_ratio_ = self.explained_variance_ / total_var
/home/deli/Data/miniconda3/envs/mfl/lib/python3.10/site-packages/sklearn/metrics/_classification.py:2801: UserWarning: y_pred contains classes not in y_true
  warnings.warn("y_pred contains classes not in y_true")
/home/deli/Data/miniconda3/envs/mfl/lib/python3.10/site-packages/sklearn/decomposition/_pca.py:787: RuntimeWarning: invalid value encountered in divide
  self.explained_variance_ratio_ = self.explained_variance_ / total_var
/home/deli/Data/miniconda3/envs/mfl/lib/python3.10/site-packages/sklearn/decomposition/_pca.py:787: RuntimeWarning: invalid value encountered in divide
  self.explained_variance_ratio_ = self.explained_variance_ / total_var
/home/deli/Data/miniconda3/envs/mfl/lib/python3.10/site-packages/sklearn/decomposition/_pca.py:787: RuntimeWarning: invalid value encountered in divide
  self.explained_variance_ratio_ = self.explained_variance_ / total_var
/home/deli/Data/miniconda3/envs/mfl/lib/python3.10/site-packages/sklearn/decomposition/_pca.py:787: RuntimeWarning: invalid value encountered in divide
  self.explained_variance_ratio_ = self.explained_variance_ / total_var
/home/deli/Data/miniconda3/envs/mfl/lib/python3.10/site-packages/sklearn/decomposition/_pca.py:787: RuntimeWarning: invalid value encountered in divide
  self.explained_variance_ratio_ = self.explained_variance_ / total_var
/home/deli/Data/miniconda3/envs/mfl/lib/python3.10/site-packages/sklearn/decomposition/_pca.py:787: RuntimeWarning: invalid value encountered in divide
  self.explained_variance_ratio_ = self.explained_variance_ / total_var
/home/deli/Data/miniconda3/envs/mfl/lib/python3.10/site-packages/sklearn/decomposition/_pca.py:787: RuntimeWarning: invalid value encountered in divide
  self.explained_variance_ratio_ = self.explained_variance_ / total_var
/home/deli/Data/miniconda3/envs/mfl/lib/python3.10/site-packages/sklearn/decomposition/_pca.py:787: RuntimeWarning: invalid value encountered in divide
  self.explained_variance_ratio_ = self.explained_variance_ / total_var
/home/deli/Data/miniconda3/envs/mfl/lib/python3.10/site-packages/sklearn/decomposition/_pca.py:787: RuntimeWarning: invalid value encountered in divide
  self.explained_variance_ratio_ = self.explained_variance_ / total_var
/home/deli/Data/miniconda3/envs/mfl/lib/python3.10/site-packages/sklearn/decomposition/_pca.py:787: RuntimeWarning: invalid value encountered in divide
  self.explained_variance_ratio_ = self.explained_variance_ / total_var
/home/deli/Data/miniconda3/envs/mfl/lib/python3.10/site-packages/sklearn/metrics/_classification.py:534: UserWarning: A single label was found in 'y_true' and 'y_pred'. For the confusion matrix to have the correct shape, use the 'labels' parameter to pass all known labels.
  warnings.warn(
/home/deli/Data/miniconda3/envs/mfl/lib/python3.10/site-packages/sklearn/metrics/_classification.py:534: UserWarning: A single label was found in 'y_true' and 'y_pred'. For the confusion matrix to have the correct shape, use the 'labels' parameter to pass all known labels.
  warnings.warn(
/home/deli/Data/miniconda3/envs/mfl/lib/python3.10/site-packages/sklearn/metrics/_classification.py:534: UserWarning: A single label was found in 'y_true' and 'y_pred'. For the confusion matrix to have the correct shape, use the 'labels' parameter to pass all known labels.
  warnings.warn(
/home/deli/Data/miniconda3/envs/mfl/lib/python3.10/site-packages/sklearn/metrics/_ranking.py:424: UndefinedMetricWarning: Only one class is present in y_true. ROC AUC score is not defined in that case.
  warnings.warn(
/home/deli/Data/miniconda3/envs/mfl/lib/python3.10/site-packages/sklearn/decomposition/_pca.py:787: RuntimeWarning: invalid value encountered in divide
  self.explained_variance_ratio_ = self.explained_variance_ / total_var
/home/deli/Data/miniconda3/envs/mfl/lib/python3.10/site-packages/sklearn/decomposition/_pca.py:787: RuntimeWarning: invalid value encountered in divide
  self.explained_variance_ratio_ = self.explained_variance_ / total_var
/home/deli/Data/miniconda3/envs/mfl/lib/python3.10/site-packages/sklearn/decomposition/_pca.py:787: RuntimeWarning: invalid value encountered in divide
  self.explained_variance_ratio_ = self.explained_variance_ / total_var
/home/deli/Data/miniconda3/envs/mfl/lib/python3.10/site-packages/sklearn/metrics/_classification.py:534: UserWarning: A single label was found in 'y_true' and 'y_pred'. For the confusion matrix to have the correct shape, use the 'labels' parameter to pass all known labels.
  warnings.warn(
/home/deli/Data/miniconda3/envs/mfl/lib/python3.10/site-packages/sklearn/metrics/_ranking.py:424: UndefinedMetricWarning: Only one class is present in y_true. ROC AUC score is not defined in that case.
  warnings.warn(
/home/deli/Data/miniconda3/envs/mfl/lib/python3.10/site-packages/sklearn/decomposition/_pca.py:787: RuntimeWarning: invalid value encountered in divide
  self.explained_variance_ratio_ = self.explained_variance_ / total_var
/home/deli/Data/miniconda3/envs/mfl/lib/python3.10/site-packages/sklearn/decomposition/_pca.py:787: RuntimeWarning: invalid value encountered in divide
  self.explained_variance_ratio_ = self.explained_variance_ / total_var
/home/deli/Data/miniconda3/envs/mfl/lib/python3.10/site-packages/sklearn/metrics/_classification.py:534: UserWarning: A single label was found in 'y_true' and 'y_pred'. For the confusion matrix to have the correct shape, use the 'labels' parameter to pass all known labels.
  warnings.warn(
/home/deli/Data/miniconda3/envs/mfl/lib/python3.10/site-packages/sklearn/metrics/_ranking.py:424: UndefinedMetricWarning: Only one class is present in y_true. ROC AUC score is not defined in that case.
  warnings.warn(
/home/deli/Data/miniconda3/envs/mfl/lib/python3.10/site-packages/sklearn/decomposition/_pca.py:787: RuntimeWarning: invalid value encountered in divide
  self.explained_variance_ratio_ = self.explained_variance_ / total_var
/home/deli/Data/miniconda3/envs/mfl/lib/python3.10/site-packages/sklearn/decomposition/_pca.py:787: RuntimeWarning: invalid value encountered in divide
  self.explained_variance_ratio_ = self.explained_variance_ / total_var
/home/deli/Data/miniconda3/envs/mfl/lib/python3.10/site-packages/sklearn/decomposition/_pca.py:787: RuntimeWarning: invalid value encountered in divide
  self.explained_variance_ratio_ = self.explained_variance_ / total_var
/home/deli/Data/miniconda3/envs/mfl/lib/python3.10/site-packages/sklearn/decomposition/_pca.py:787: RuntimeWarning: invalid value encountered in divide
  self.explained_variance_ratio_ = self.explained_variance_ / total_var
/home/deli/Data/miniconda3/envs/mfl/lib/python3.10/site-packages/sklearn/decomposition/_pca.py:787: RuntimeWarning: invalid value encountered in divide
  self.explained_variance_ratio_ = self.explained_variance_ / total_var
/home/deli/Data/miniconda3/envs/mfl/lib/python3.10/site-packages/sklearn/decomposition/_pca.py:787: RuntimeWarning: invalid value encountered in divide
  self.explained_variance_ratio_ = self.explained_variance_ / total_var
/home/deli/Data/miniconda3/envs/mfl/lib/python3.10/site-packages/sklearn/decomposition/_pca.py:787: RuntimeWarning: invalid value encountered in divide
  self.explained_variance_ratio_ = self.explained_variance_ / total_var
/home/deli/Data/miniconda3/envs/mfl/lib/python3.10/site-packages/sklearn/decomposition/_pca.py:787: RuntimeWarning: invalid value encountered in divide
  self.explained_variance_ratio_ = self.explained_variance_ / total_var
/home/deli/Data/miniconda3/envs/mfl/lib/python3.10/site-packages/sklearn/decomposition/_pca.py:787: RuntimeWarning: invalid value encountered in divide
  self.explained_variance_ratio_ = self.explained_variance_ / total_var
/home/deli/Data/miniconda3/envs/mfl/lib/python3.10/site-packages/sklearn/decomposition/_pca.py:787: RuntimeWarning: invalid value encountered in divide
  self.explained_variance_ratio_ = self.explained_variance_ / total_var
/home/deli/Data/miniconda3/envs/mfl/lib/python3.10/site-packages/sklearn/decomposition/_pca.py:646: RuntimeWarning: invalid value encountered in divide
  explained_variance_ratio_ = explained_variance_ / total_var
/home/deli/Data/miniconda3/envs/mfl/lib/python3.10/site-packages/sklearn/decomposition/_pca.py:646: RuntimeWarning: invalid value encountered in divide
  explained_variance_ratio_ = explained_variance_ / total_var
/home/deli/Data/miniconda3/envs/mfl/lib/python3.10/site-packages/sklearn/decomposition/_pca.py:646: RuntimeWarning: invalid value encountered in divide
  explained_variance_ratio_ = explained_variance_ / total_var
/home/deli/Data/miniconda3/envs/mfl/lib/python3.10/site-packages/sklearn/decomposition/_pca.py:646: RuntimeWarning: invalid value encountered in divide
  explained_variance_ratio_ = explained_variance_ / total_var
/home/deli/Data/miniconda3/envs/mfl/lib/python3.10/site-packages/sklearn/decomposition/_pca.py:646: RuntimeWarning: invalid value encountered in divide
  explained_variance_ratio_ = explained_variance_ / total_var
/home/deli/Data/miniconda3/envs/mfl/lib/python3.10/site-packages/sklearn/metrics/_classification.py:534: UserWarning: A single label was found in 'y_true' and 'y_pred'. For the confusion matrix to have the correct shape, use the 'labels' parameter to pass all known labels.
  warnings.warn(
/home/deli/Data/miniconda3/envs/mfl/lib/python3.10/site-packages/sklearn/metrics/_classification.py:534: UserWarning: A single label was found in 'y_true' and 'y_pred'. For the confusion matrix to have the correct shape, use the 'labels' parameter to pass all known labels.
  warnings.warn(
/home/deli/Data/miniconda3/envs/mfl/lib/python3.10/site-packages/sklearn/metrics/_classification.py:534: UserWarning: A single label was found in 'y_true' and 'y_pred'. For the confusion matrix to have the correct shape, use the 'labels' parameter to pass all known labels.
  warnings.warn(
/home/deli/Data/miniconda3/envs/mfl/lib/python3.10/site-packages/sklearn/metrics/_ranking.py:424: UndefinedMetricWarning: Only one class is present in y_true. ROC AUC score is not defined in that case.
  warnings.warn(
/home/deli/Data/miniconda3/envs/mfl/lib/python3.10/site-packages/sklearn/decomposition/_pca.py:646: RuntimeWarning: invalid value encountered in divide
  explained_variance_ratio_ = explained_variance_ / total_var
/home/deli/Data/miniconda3/envs/mfl/lib/python3.10/site-packages/sklearn/decomposition/_pca.py:646: RuntimeWarning: invalid value encountered in divide
  explained_variance_ratio_ = explained_variance_ / total_var
/home/deli/Data/miniconda3/envs/mfl/lib/python3.10/site-packages/sklearn/decomposition/_pca.py:646: RuntimeWarning: invalid value encountered in divide
  explained_variance_ratio_ = explained_variance_ / total_var
/home/deli/Data/miniconda3/envs/mfl/lib/python3.10/site-packages/sklearn/metrics/_classification.py:534: UserWarning: A single label was found in 'y_true' and 'y_pred'. For the confusion matrix to have the correct shape, use the 'labels' parameter to pass all known labels.
  warnings.warn(
/home/deli/Data/miniconda3/envs/mfl/lib/python3.10/site-packages/sklearn/metrics/_ranking.py:424: UndefinedMetricWarning: Only one class is present in y_true. ROC AUC score is not defined in that case.
  warnings.warn(
/home/deli/Data/miniconda3/envs/mfl/lib/python3.10/site-packages/sklearn/decomposition/_pca.py:646: RuntimeWarning: invalid value encountered in divide
  explained_variance_ratio_ = explained_variance_ / total_var
/home/deli/Data/miniconda3/envs/mfl/lib/python3.10/site-packages/sklearn/decomposition/_pca.py:646: RuntimeWarning: invalid value encountered in divide
  explained_variance_ratio_ = explained_variance_ / total_var
/home/deli/Data/miniconda3/envs/mfl/lib/python3.10/site-packages/sklearn/metrics/_classification.py:534: UserWarning: A single label was found in 'y_true' and 'y_pred'. For the confusion matrix to have the correct shape, use the 'labels' parameter to pass all known labels.
  warnings.warn(
/home/deli/Data/miniconda3/envs/mfl/lib/python3.10/site-packages/sklearn/metrics/_ranking.py:424: UndefinedMetricWarning: Only one class is present in y_true. ROC AUC score is not defined in that case.
  warnings.warn(
/home/deli/Data/miniconda3/envs/mfl/lib/python3.10/site-packages/sklearn/decomposition/_pca.py:646: RuntimeWarning: invalid value encountered in divide
  explained_variance_ratio_ = explained_variance_ / total_var
/home/deli/Data/miniconda3/envs/mfl/lib/python3.10/site-packages/sklearn/decomposition/_pca.py:646: RuntimeWarning: invalid value encountered in divide
  explained_variance_ratio_ = explained_variance_ / total_var
/home/deli/Data/miniconda3/envs/mfl/lib/python3.10/site-packages/sklearn/decomposition/_pca.py:646: RuntimeWarning: invalid value encountered in divide
  explained_variance_ratio_ = explained_variance_ / total_var
/home/deli/Data/miniconda3/envs/mfl/lib/python3.10/site-packages/sklearn/decomposition/_pca.py:646: RuntimeWarning: invalid value encountered in divide
  explained_variance_ratio_ = explained_variance_ / total_var
/home/deli/Data/miniconda3/envs/mfl/lib/python3.10/site-packages/sklearn/decomposition/_pca.py:646: RuntimeWarning: invalid value encountered in divide
  explained_variance_ratio_ = explained_variance_ / total_var
/home/deli/Data/miniconda3/envs/mfl/lib/python3.10/site-packages/sklearn/decomposition/_pca.py:646: RuntimeWarning: invalid value encountered in divide
  explained_variance_ratio_ = explained_variance_ / total_var
/home/deli/Data/miniconda3/envs/mfl/lib/python3.10/site-packages/sklearn/decomposition/_pca.py:646: RuntimeWarning: invalid value encountered in divide
  explained_variance_ratio_ = explained_variance_ / total_var
/home/deli/Data/miniconda3/envs/mfl/lib/python3.10/site-packages/sklearn/decomposition/_pca.py:646: RuntimeWarning: invalid value encountered in divide
  explained_variance_ratio_ = explained_variance_ / total_var
/home/deli/Data/miniconda3/envs/mfl/lib/python3.10/site-packages/sklearn/decomposition/_pca.py:646: RuntimeWarning: invalid value encountered in divide
  explained_variance_ratio_ = explained_variance_ / total_var
/home/deli/Data/miniconda3/envs/mfl/lib/python3.10/site-packages/sklearn/decomposition/_pca.py:646: RuntimeWarning: invalid value encountered in divide
  explained_variance_ratio_ = explained_variance_ / total_var
/home/deli/Data/miniconda3/envs/mfl/lib/python3.10/site-packages/sklearn/decomposition/_pca.py:646: RuntimeWarning: invalid value encountered in divide
  explained_variance_ratio_ = explained_variance_ / total_var
/home/deli/Data/miniconda3/envs/mfl/lib/python3.10/site-packages/sklearn/decomposition/_pca.py:646: RuntimeWarning: invalid value encountered in divide
  explained_variance_ratio_ = explained_variance_ / total_var
/home/deli/Data/miniconda3/envs/mfl/lib/python3.10/site-packages/sklearn/decomposition/_pca.py:646: RuntimeWarning: invalid value encountered in divide
  explained_variance_ratio_ = explained_variance_ / total_var
/home/deli/Data/miniconda3/envs/mfl/lib/python3.10/site-packages/sklearn/decomposition/_pca.py:646: RuntimeWarning: invalid value encountered in divide
  explained_variance_ratio_ = explained_variance_ / total_var
/home/deli/Data/miniconda3/envs/mfl/lib/python3.10/site-packages/sklearn/decomposition/_pca.py:646: RuntimeWarning: invalid value encountered in divide
  explained_variance_ratio_ = explained_variance_ / total_var
/home/deli/Data/miniconda3/envs/mfl/lib/python3.10/site-packages/sklearn/metrics/_classification.py:534: UserWarning: A single label was found in 'y_true' and 'y_pred'. For the confusion matrix to have the correct shape, use the 'labels' parameter to pass all known labels.
  warnings.warn(
/home/deli/Data/miniconda3/envs/mfl/lib/python3.10/site-packages/sklearn/metrics/_classification.py:534: UserWarning: A single label was found in 'y_true' and 'y_pred'. For the confusion matrix to have the correct shape, use the 'labels' parameter to pass all known labels.
  warnings.warn(
/home/deli/Data/miniconda3/envs/mfl/lib/python3.10/site-packages/sklearn/metrics/_classification.py:534: UserWarning: A single label was found in 'y_true' and 'y_pred'. For the confusion matrix to have the correct shape, use the 'labels' parameter to pass all known labels.
  warnings.warn(
/home/deli/Data/miniconda3/envs/mfl/lib/python3.10/site-packages/sklearn/metrics/_ranking.py:424: UndefinedMetricWarning: Only one class is present in y_true. ROC AUC score is not defined in that case.
  warnings.warn(
/home/deli/Data/miniconda3/envs/mfl/lib/python3.10/site-packages/sklearn/decomposition/_pca.py:646: RuntimeWarning: invalid value encountered in divide
  explained_variance_ratio_ = explained_variance_ / total_var
/home/deli/Data/miniconda3/envs/mfl/lib/python3.10/site-packages/sklearn/decomposition/_pca.py:646: RuntimeWarning: invalid value encountered in divide
  explained_variance_ratio_ = explained_variance_ / total_var
/home/deli/Data/miniconda3/envs/mfl/lib/python3.10/site-packages/sklearn/decomposition/_pca.py:646: RuntimeWarning: invalid value encountered in divide
  explained_variance_ratio_ = explained_variance_ / total_var
/home/deli/Data/miniconda3/envs/mfl/lib/python3.10/site-packages/sklearn/metrics/_classification.py:534: UserWarning: A single label was found in 'y_true' and 'y_pred'. For the confusion matrix to have the correct shape, use the 'labels' parameter to pass all known labels.
  warnings.warn(
/home/deli/Data/miniconda3/envs/mfl/lib/python3.10/site-packages/sklearn/metrics/_ranking.py:424: UndefinedMetricWarning: Only one class is present in y_true. ROC AUC score is not defined in that case.
  warnings.warn(
/home/deli/Data/miniconda3/envs/mfl/lib/python3.10/site-packages/sklearn/decomposition/_pca.py:646: RuntimeWarning: invalid value encountered in divide
  explained_variance_ratio_ = explained_variance_ / total_var
/home/deli/Data/miniconda3/envs/mfl/lib/python3.10/site-packages/sklearn/decomposition/_pca.py:646: RuntimeWarning: invalid value encountered in divide
  explained_variance_ratio_ = explained_variance_ / total_var
/home/deli/Data/miniconda3/envs/mfl/lib/python3.10/site-packages/sklearn/metrics/_classification.py:534: UserWarning: A single label was found in 'y_true' and 'y_pred'. For the confusion matrix to have the correct shape, use the 'labels' parameter to pass all known labels.
  warnings.warn(
/home/deli/Data/miniconda3/envs/mfl/lib/python3.10/site-packages/sklearn/metrics/_ranking.py:424: UndefinedMetricWarning: Only one class is present in y_true. ROC AUC score is not defined in that case.
  warnings.warn(
/home/deli/Data/miniconda3/envs/mfl/lib/python3.10/site-packages/sklearn/metrics/_classification.py:2801: UserWarning: y_pred contains classes not in y_true
  warnings.warn("y_pred contains classes not in y_true")
/home/deli/Data/miniconda3/envs/mfl/lib/python3.10/site-packages/sklearn/metrics/_classification.py:2801: UserWarning: y_pred contains classes not in y_true
  warnings.warn("y_pred contains classes not in y_true")
/home/deli/Data/miniconda3/envs/mfl/lib/python3.10/site-packages/sklearn/metrics/_classification.py:2801: UserWarning: y_pred contains classes not in y_true
  warnings.warn("y_pred contains classes not in y_true")
/home/deli/Data/miniconda3/envs/mfl/lib/python3.10/site-packages/sklearn/metrics/_classification.py:2801: UserWarning: y_pred contains classes not in y_true
  warnings.warn("y_pred contains classes not in y_true")
/home/deli/Data/miniconda3/envs/mfl/lib/python3.10/site-packages/sklearn/decomposition/_pca.py:646: RuntimeWarning: invalid value encountered in divide
  explained_variance_ratio_ = explained_variance_ / total_var
/home/deli/Data/miniconda3/envs/mfl/lib/python3.10/site-packages/sklearn/metrics/_classification.py:2801: UserWarning: y_pred contains classes not in y_true
  warnings.warn("y_pred contains classes not in y_true")
/home/deli/Data/miniconda3/envs/mfl/lib/python3.10/site-packages/sklearn/decomposition/_pca.py:646: RuntimeWarning: invalid value encountered in divide
  explained_variance_ratio_ = explained_variance_ / total_var
/home/deli/Data/miniconda3/envs/mfl/lib/python3.10/site-packages/sklearn/metrics/_classification.py:2801: UserWarning: y_pred contains classes not in y_true
  warnings.warn("y_pred contains classes not in y_true")
/home/deli/Data/miniconda3/envs/mfl/lib/python3.10/site-packages/sklearn/decomposition/_pca.py:646: RuntimeWarning: invalid value encountered in divide
  explained_variance_ratio_ = explained_variance_ / total_var
/home/deli/Data/miniconda3/envs/mfl/lib/python3.10/site-packages/sklearn/decomposition/_pca.py:646: RuntimeWarning: invalid value encountered in divide
  explained_variance_ratio_ = explained_variance_ / total_var
/home/deli/Data/miniconda3/envs/mfl/lib/python3.10/site-packages/sklearn/metrics/_classification.py:2801: UserWarning: y_pred contains classes not in y_true
  warnings.warn("y_pred contains classes not in y_true")
/home/deli/Data/miniconda3/envs/mfl/lib/python3.10/site-packages/sklearn/decomposition/_pca.py:646: RuntimeWarning: invalid value encountered in divide
  explained_variance_ratio_ = explained_variance_ / total_var
/home/deli/Data/miniconda3/envs/mfl/lib/python3.10/site-packages/sklearn/metrics/_classification.py:2801: UserWarning: y_pred contains classes not in y_true
  warnings.warn("y_pred contains classes not in y_true")
/home/deli/Data/miniconda3/envs/mfl/lib/python3.10/site-packages/sklearn/decomposition/_pca.py:646: RuntimeWarning: invalid value encountered in divide
  explained_variance_ratio_ = explained_variance_ / total_var
/home/deli/Data/miniconda3/envs/mfl/lib/python3.10/site-packages/sklearn/decomposition/_pca.py:646: RuntimeWarning: invalid value encountered in divide
  explained_variance_ratio_ = explained_variance_ / total_var
/home/deli/Data/miniconda3/envs/mfl/lib/python3.10/site-packages/sklearn/decomposition/_pca.py:646: RuntimeWarning: invalid value encountered in divide
  explained_variance_ratio_ = explained_variance_ / total_var
/home/deli/Data/miniconda3/envs/mfl/lib/python3.10/site-packages/sklearn/decomposition/_pca.py:646: RuntimeWarning: invalid value encountered in divide
  explained_variance_ratio_ = explained_variance_ / total_var
/home/deli/Data/miniconda3/envs/mfl/lib/python3.10/site-packages/sklearn/decomposition/_pca.py:646: RuntimeWarning: invalid value encountered in divide
  explained_variance_ratio_ = explained_variance_ / total_var
/home/deli/Data/miniconda3/envs/mfl/lib/python3.10/site-packages/sklearn/decomposition/_pca.py:787: RuntimeWarning: invalid value encountered in divide
  self.explained_variance_ratio_ = self.explained_variance_ / total_var
/home/deli/Data/miniconda3/envs/mfl/lib/python3.10/site-packages/sklearn/decomposition/_pca.py:787: RuntimeWarning: invalid value encountered in divide
  self.explained_variance_ratio_ = self.explained_variance_ / total_var
/home/deli/Data/miniconda3/envs/mfl/lib/python3.10/site-packages/sklearn/decomposition/_pca.py:787: RuntimeWarning: invalid value encountered in divide
  self.explained_variance_ratio_ = self.explained_variance_ / total_var
/home/deli/Data/miniconda3/envs/mfl/lib/python3.10/site-packages/sklearn/metrics/_classification.py:98: UserWarning: The number of unique classes is greater than 50% of the number of samples. `y` could represent a regression problem, not a classification problem.
  type_true = type_of_target(y_true, input_name="y_true")
/home/deli/Data/miniconda3/envs/mfl/lib/python3.10/site-packages/sklearn/metrics/_classification.py:98: UserWarning: The number of unique classes is greater than 50% of the number of samples. `y` could represent a regression problem, not a classification problem.
  type_true = type_of_target(y_true, input_name="y_true")
/home/deli/Data/miniconda3/envs/mfl/lib/python3.10/site-packages/sklearn/metrics/_classification.py:98: UserWarning: The number of unique classes is greater than 50% of the number of samples. `y` could represent a regression problem, not a classification problem.
  type_true = type_of_target(y_true, input_name="y_true")
/home/deli/Data/miniconda3/envs/mfl/lib/python3.10/site-packages/sklearn/metrics/_classification.py:98: UserWarning: The number of unique classes is greater than 50% of the number of samples. `y` could represent a regression problem, not a classification problem.
  type_true = type_of_target(y_true, input_name="y_true")
/home/deli/Data/miniconda3/envs/mfl/lib/python3.10/site-packages/sklearn/metrics/_classification.py:98: UserWarning: The number of unique classes is greater than 50% of the number of samples. `y` could represent a regression problem, not a classification problem.
  type_true = type_of_target(y_true, input_name="y_true")
/home/deli/Data/miniconda3/envs/mfl/lib/python3.10/site-packages/sklearn/metrics/_classification.py:98: UserWarning: The number of unique classes is greater than 50% of the number of samples. `y` could represent a regression problem, not a classification problem.
  type_true = type_of_target(y_true, input_name="y_true")
/home/deli/Data/miniconda3/envs/mfl/lib/python3.10/site-packages/sklearn/metrics/_classification.py:98: UserWarning: The number of unique classes is greater than 50% of the number of samples. `y` could represent a regression problem, not a classification problem.
  type_true = type_of_target(y_true, input_name="y_true")
/home/deli/Data/miniconda3/envs/mfl/lib/python3.10/site-packages/sklearn/metrics/_classification.py:98: UserWarning: The number of unique classes is greater than 50% of the number of samples. `y` could represent a regression problem, not a classification problem.
  type_true = type_of_target(y_true, input_name="y_true")
/home/deli/Data/miniconda3/envs/mfl/lib/python3.10/site-packages/sklearn/metrics/_classification.py:98: UserWarning: The number of unique classes is greater than 50% of the number of samples. `y` could represent a regression problem, not a classification problem.
  type_true = type_of_target(y_true, input_name="y_true")
/home/deli/Data/miniconda3/envs/mfl/lib/python3.10/site-packages/sklearn/metrics/_classification.py:98: UserWarning: The number of unique classes is greater than 50% of the number of samples. `y` could represent a regression problem, not a classification problem.
  type_true = type_of_target(y_true, input_name="y_true")
/home/deli/Data/miniconda3/envs/mfl/lib/python3.10/site-packages/sklearn/metrics/_classification.py:98: UserWarning: The number of unique classes is greater than 50% of the number of samples. `y` could represent a regression problem, not a classification problem.
  type_true = type_of_target(y_true, input_name="y_true")
/home/deli/Data/miniconda3/envs/mfl/lib/python3.10/site-packages/sklearn/metrics/_classification.py:98: UserWarning: The number of unique classes is greater than 50% of the number of samples. `y` could represent a regression problem, not a classification problem.
  type_true = type_of_target(y_true, input_name="y_true")
/home/deli/Data/miniconda3/envs/mfl/lib/python3.10/site-packages/sklearn/decomposition/_pca.py:787: RuntimeWarning: invalid value encountered in divide
  self.explained_variance_ratio_ = self.explained_variance_ / total_var
/home/deli/Data/miniconda3/envs/mfl/lib/python3.10/site-packages/sklearn/decomposition/_pca.py:787: RuntimeWarning: invalid value encountered in divide
  self.explained_variance_ratio_ = self.explained_variance_ / total_var
/home/deli/Data/miniconda3/envs/mfl/lib/python3.10/site-packages/sklearn/decomposition/_pca.py:787: RuntimeWarning: invalid value encountered in divide
  self.explained_variance_ratio_ = self.explained_variance_ / total_var
/home/deli/Data/miniconda3/envs/mfl/lib/python3.10/site-packages/sklearn/metrics/_classification.py:98: UserWarning: The number of unique classes is greater than 50% of the number of samples. `y` could represent a regression problem, not a classification problem.
  type_true = type_of_target(y_true, input_name="y_true")
/home/deli/Data/miniconda3/envs/mfl/lib/python3.10/site-packages/sklearn/metrics/_classification.py:98: UserWarning: The number of unique classes is greater than 50% of the number of samples. `y` could represent a regression problem, not a classification problem.
  type_true = type_of_target(y_true, input_name="y_true")
/home/deli/Data/miniconda3/envs/mfl/lib/python3.10/site-packages/sklearn/metrics/_classification.py:98: UserWarning: The number of unique classes is greater than 50% of the number of samples. `y` could represent a regression problem, not a classification problem.
  type_true = type_of_target(y_true, input_name="y_true")
/home/deli/Data/miniconda3/envs/mfl/lib/python3.10/site-packages/sklearn/metrics/_classification.py:98: UserWarning: The number of unique classes is greater than 50% of the number of samples. `y` could represent a regression problem, not a classification problem.
  type_true = type_of_target(y_true, input_name="y_true")
/home/deli/Data/miniconda3/envs/mfl/lib/python3.10/site-packages/sklearn/metrics/_classification.py:98: UserWarning: The number of unique classes is greater than 50% of the number of samples. `y` could represent a regression problem, not a classification problem.
  type_true = type_of_target(y_true, input_name="y_true")
/home/deli/Data/miniconda3/envs/mfl/lib/python3.10/site-packages/sklearn/metrics/_classification.py:98: UserWarning: The number of unique classes is greater than 50% of the number of samples. `y` could represent a regression problem, not a classification problem.
  type_true = type_of_target(y_true, input_name="y_true")
/home/deli/Data/miniconda3/envs/mfl/lib/python3.10/site-packages/sklearn/metrics/_classification.py:98: UserWarning: The number of unique classes is greater than 50% of the number of samples. `y` could represent a regression problem, not a classification problem.
  type_true = type_of_target(y_true, input_name="y_true")
/home/deli/Data/miniconda3/envs/mfl/lib/python3.10/site-packages/sklearn/metrics/_classification.py:98: UserWarning: The number of unique classes is greater than 50% of the number of samples. `y` could represent a regression problem, not a classification problem.
  type_true = type_of_target(y_true, input_name="y_true")
/home/deli/Data/miniconda3/envs/mfl/lib/python3.10/site-packages/sklearn/metrics/_classification.py:98: UserWarning: The number of unique classes is greater than 50% of the number of samples. `y` could represent a regression problem, not a classification problem.
  type_true = type_of_target(y_true, input_name="y_true")
/home/deli/Data/miniconda3/envs/mfl/lib/python3.10/site-packages/sklearn/metrics/_classification.py:98: UserWarning: The number of unique classes is greater than 50% of the number of samples. `y` could represent a regression problem, not a classification problem.
  type_true = type_of_target(y_true, input_name="y_true")
/home/deli/Data/miniconda3/envs/mfl/lib/python3.10/site-packages/sklearn/metrics/_classification.py:98: UserWarning: The number of unique classes is greater than 50% of the number of samples. `y` could represent a regression problem, not a classification problem.
  type_true = type_of_target(y_true, input_name="y_true")
/home/deli/Data/miniconda3/envs/mfl/lib/python3.10/site-packages/sklearn/metrics/_classification.py:98: UserWarning: The number of unique classes is greater than 50% of the number of samples. `y` could represent a regression problem, not a classification problem.
  type_true = type_of_target(y_true, input_name="y_true")
/home/deli/Data/miniconda3/envs/mfl/lib/python3.10/site-packages/sklearn/decomposition/_pca.py:646: RuntimeWarning: invalid value encountered in divide
  explained_variance_ratio_ = explained_variance_ / total_var
/home/deli/Data/miniconda3/envs/mfl/lib/python3.10/site-packages/sklearn/decomposition/_pca.py:646: RuntimeWarning: invalid value encountered in divide
  explained_variance_ratio_ = explained_variance_ / total_var
/home/deli/Data/miniconda3/envs/mfl/lib/python3.10/site-packages/sklearn/decomposition/_pca.py:646: RuntimeWarning: invalid value encountered in divide
  explained_variance_ratio_ = explained_variance_ / total_var
/home/deli/Data/miniconda3/envs/mfl/lib/python3.10/site-packages/sklearn/decomposition/_pca.py:646: RuntimeWarning: invalid value encountered in divide
  explained_variance_ratio_ = explained_variance_ / total_var
/home/deli/Data/miniconda3/envs/mfl/lib/python3.10/site-packages/sklearn/decomposition/_pca.py:646: RuntimeWarning: invalid value encountered in divide
  explained_variance_ratio_ = explained_variance_ / total_var
/home/deli/Data/miniconda3/envs/mfl/lib/python3.10/site-packages/sklearn/decomposition/_pca.py:646: RuntimeWarning: invalid value encountered in divide
  explained_variance_ratio_ = explained_variance_ / total_var
/home/deli/Data/miniconda3/envs/mfl/lib/python3.10/site-packages/sklearn/decomposition/_pca.py:646: RuntimeWarning: invalid value encountered in divide
  explained_variance_ratio_ = explained_variance_ / total_var
/home/deli/Data/miniconda3/envs/mfl/lib/python3.10/site-packages/sklearn/decomposition/_pca.py:646: RuntimeWarning: invalid value encountered in divide
  explained_variance_ratio_ = explained_variance_ / total_var
/home/deli/Data/miniconda3/envs/mfl/lib/python3.10/site-packages/sklearn/decomposition/_pca.py:646: RuntimeWarning: invalid value encountered in divide
  explained_variance_ratio_ = explained_variance_ / total_var
/home/deli/Data/miniconda3/envs/mfl/lib/python3.10/site-packages/sklearn/decomposition/_pca.py:646: RuntimeWarning: invalid value encountered in divide
  explained_variance_ratio_ = explained_variance_ / total_var
/home/deli/Data/miniconda3/envs/mfl/lib/python3.10/site-packages/sklearn/decomposition/_pca.py:646: RuntimeWarning: invalid value encountered in divide
  explained_variance_ratio_ = explained_variance_ / total_var
/home/deli/Data/miniconda3/envs/mfl/lib/python3.10/site-packages/sklearn/decomposition/_pca.py:646: RuntimeWarning: invalid value encountered in divide
  explained_variance_ratio_ = explained_variance_ / total_var
/home/deli/Data/miniconda3/envs/mfl/lib/python3.10/site-packages/sklearn/decomposition/_pca.py:646: RuntimeWarning: invalid value encountered in divide
  explained_variance_ratio_ = explained_variance_ / total_var
/home/deli/Data/miniconda3/envs/mfl/lib/python3.10/site-packages/sklearn/decomposition/_pca.py:646: RuntimeWarning: invalid value encountered in divide
  explained_variance_ratio_ = explained_variance_ / total_var
/home/deli/Data/miniconda3/envs/mfl/lib/python3.10/site-packages/sklearn/decomposition/_pca.py:646: RuntimeWarning: invalid value encountered in divide
  explained_variance_ratio_ = explained_variance_ / total_var
/home/deli/Data/miniconda3/envs/mfl/lib/python3.10/site-packages/sklearn/decomposition/_pca.py:646: RuntimeWarning: invalid value encountered in divide
  explained_variance_ratio_ = explained_variance_ / total_var
/home/deli/Data/miniconda3/envs/mfl/lib/python3.10/site-packages/sklearn/decomposition/_pca.py:646: RuntimeWarning: invalid value encountered in divide
  explained_variance_ratio_ = explained_variance_ / total_var
/home/deli/Data/miniconda3/envs/mfl/lib/python3.10/site-packages/sklearn/decomposition/_pca.py:646: RuntimeWarning: invalid value encountered in divide
  explained_variance_ratio_ = explained_variance_ / total_var
/home/deli/Data/miniconda3/envs/mfl/lib/python3.10/site-packages/sklearn/decomposition/_pca.py:646: RuntimeWarning: invalid value encountered in divide
  explained_variance_ratio_ = explained_variance_ / total_var
/home/deli/Data/miniconda3/envs/mfl/lib/python3.10/site-packages/sklearn/decomposition/_pca.py:646: RuntimeWarning: invalid value encountered in divide
  explained_variance_ratio_ = explained_variance_ / total_var
/home/deli/Data/miniconda3/envs/mfl/lib/python3.10/site-packages/sklearn/decomposition/_pca.py:646: RuntimeWarning: invalid value encountered in divide
  explained_variance_ratio_ = explained_variance_ / total_var
/home/deli/Data/miniconda3/envs/mfl/lib/python3.10/site-packages/sklearn/decomposition/_pca.py:646: RuntimeWarning: invalid value encountered in divide
  explained_variance_ratio_ = explained_variance_ / total_var
/home/deli/Data/miniconda3/envs/mfl/lib/python3.10/site-packages/sklearn/decomposition/_pca.py:646: RuntimeWarning: invalid value encountered in divide
  explained_variance_ratio_ = explained_variance_ / total_var
/home/deli/Data/miniconda3/envs/mfl/lib/python3.10/site-packages/sklearn/decomposition/_pca.py:646: RuntimeWarning: invalid value encountered in divide
  explained_variance_ratio_ = explained_variance_ / total_var
/home/deli/Data/miniconda3/envs/mfl/lib/python3.10/site-packages/sklearn/decomposition/_pca.py:646: RuntimeWarning: invalid value encountered in divide
  explained_variance_ratio_ = explained_variance_ / total_var
/home/deli/Data/miniconda3/envs/mfl/lib/python3.10/site-packages/sklearn/decomposition/_pca.py:646: RuntimeWarning: invalid value encountered in divide
  explained_variance_ratio_ = explained_variance_ / total_var
/home/deli/Data/miniconda3/envs/mfl/lib/python3.10/site-packages/sklearn/decomposition/_pca.py:646: RuntimeWarning: invalid value encountered in divide
  explained_variance_ratio_ = explained_variance_ / total_var
/home/deli/Data/miniconda3/envs/mfl/lib/python3.10/site-packages/sklearn/decomposition/_pca.py:646: RuntimeWarning: invalid value encountered in divide
  explained_variance_ratio_ = explained_variance_ / total_var
/home/deli/Data/miniconda3/envs/mfl/lib/python3.10/site-packages/sklearn/decomposition/_pca.py:646: RuntimeWarning: invalid value encountered in divide
  explained_variance_ratio_ = explained_variance_ / total_var
/home/deli/Data/miniconda3/envs/mfl/lib/python3.10/site-packages/sklearn/decomposition/_pca.py:646: RuntimeWarning: invalid value encountered in divide
  explained_variance_ratio_ = explained_variance_ / total_var
/home/deli/Data/miniconda3/envs/mfl/lib/python3.10/site-packages/sklearn/decomposition/_pca.py:646: RuntimeWarning: invalid value encountered in divide
  explained_variance_ratio_ = explained_variance_ / total_var
/home/deli/Data/miniconda3/envs/mfl/lib/python3.10/site-packages/sklearn/decomposition/_pca.py:646: RuntimeWarning: invalid value encountered in divide
  explained_variance_ratio_ = explained_variance_ / total_var
/home/deli/Data/miniconda3/envs/mfl/lib/python3.10/site-packages/sklearn/metrics/_classification.py:534: UserWarning: A single label was found in 'y_true' and 'y_pred'. For the confusion matrix to have the correct shape, use the 'labels' parameter to pass all known labels.
  warnings.warn(
/home/deli/Data/miniconda3/envs/mfl/lib/python3.10/site-packages/sklearn/metrics/_classification.py:534: UserWarning: A single label was found in 'y_true' and 'y_pred'. For the confusion matrix to have the correct shape, use the 'labels' parameter to pass all known labels.
  warnings.warn(
/home/deli/Data/miniconda3/envs/mfl/lib/python3.10/site-packages/sklearn/metrics/_classification.py:534: UserWarning: A single label was found in 'y_true' and 'y_pred'. For the confusion matrix to have the correct shape, use the 'labels' parameter to pass all known labels.
  warnings.warn(
/home/deli/Data/miniconda3/envs/mfl/lib/python3.10/site-packages/sklearn/metrics/_ranking.py:424: UndefinedMetricWarning: Only one class is present in y_true. ROC AUC score is not defined in that case.
  warnings.warn(
/home/deli/Data/miniconda3/envs/mfl/lib/python3.10/site-packages/sklearn/metrics/_classification.py:534: UserWarning: A single label was found in 'y_true' and 'y_pred'. For the confusion matrix to have the correct shape, use the 'labels' parameter to pass all known labels.
  warnings.warn(
/home/deli/Data/miniconda3/envs/mfl/lib/python3.10/site-packages/sklearn/metrics/_ranking.py:424: UndefinedMetricWarning: Only one class is present in y_true. ROC AUC score is not defined in that case.
  warnings.warn(
/home/deli/Data/miniconda3/envs/mfl/lib/python3.10/site-packages/sklearn/metrics/_classification.py:534: UserWarning: A single label was found in 'y_true' and 'y_pred'. For the confusion matrix to have the correct shape, use the 'labels' parameter to pass all known labels.
  warnings.warn(
/home/deli/Data/miniconda3/envs/mfl/lib/python3.10/site-packages/sklearn/metrics/_ranking.py:424: UndefinedMetricWarning: Only one class is present in y_true. ROC AUC score is not defined in that case.
  warnings.warn(
/home/deli/Data/miniconda3/envs/mfl/lib/python3.10/site-packages/sklearn/metrics/_classification.py:534: UserWarning: A single label was found in 'y_true' and 'y_pred'. For the confusion matrix to have the correct shape, use the 'labels' parameter to pass all known labels.
  warnings.warn(
/home/deli/Data/miniconda3/envs/mfl/lib/python3.10/site-packages/sklearn/metrics/_classification.py:534: UserWarning: A single label was found in 'y_true' and 'y_pred'. For the confusion matrix to have the correct shape, use the 'labels' parameter to pass all known labels.
  warnings.warn(
/home/deli/Data/miniconda3/envs/mfl/lib/python3.10/site-packages/sklearn/metrics/_classification.py:534: UserWarning: A single label was found in 'y_true' and 'y_pred'. For the confusion matrix to have the correct shape, use the 'labels' parameter to pass all known labels.
  warnings.warn(
/home/deli/Data/miniconda3/envs/mfl/lib/python3.10/site-packages/sklearn/metrics/_ranking.py:424: UndefinedMetricWarning: Only one class is present in y_true. ROC AUC score is not defined in that case.
  warnings.warn(
/home/deli/Data/miniconda3/envs/mfl/lib/python3.10/site-packages/sklearn/metrics/_classification.py:534: UserWarning: A single label was found in 'y_true' and 'y_pred'. For the confusion matrix to have the correct shape, use the 'labels' parameter to pass all known labels.
  warnings.warn(
/home/deli/Data/miniconda3/envs/mfl/lib/python3.10/site-packages/sklearn/metrics/_ranking.py:424: UndefinedMetricWarning: Only one class is present in y_true. ROC AUC score is not defined in that case.
  warnings.warn(
/home/deli/Data/miniconda3/envs/mfl/lib/python3.10/site-packages/sklearn/metrics/_classification.py:534: UserWarning: A single label was found in 'y_true' and 'y_pred'. For the confusion matrix to have the correct shape, use the 'labels' parameter to pass all known labels.
  warnings.warn(
/home/deli/Data/miniconda3/envs/mfl/lib/python3.10/site-packages/sklearn/metrics/_ranking.py:424: UndefinedMetricWarning: Only one class is present in y_true. ROC AUC score is not defined in that case.
  warnings.warn(
/home/deli/Data/miniconda3/envs/mfl/lib/python3.10/site-packages/sklearn/metrics/_classification.py:2801: UserWarning: y_pred contains classes not in y_true
  warnings.warn("y_pred contains classes not in y_true")
/home/deli/Data/miniconda3/envs/mfl/lib/python3.10/site-packages/sklearn/metrics/_classification.py:2801: UserWarning: y_pred contains classes not in y_true
  warnings.warn("y_pred contains classes not in y_true")
/home/deli/Data/miniconda3/envs/mfl/lib/python3.10/site-packages/sklearn/metrics/_classification.py:2801: UserWarning: y_pred contains classes not in y_true
  warnings.warn("y_pred contains classes not in y_true")
/home/deli/Data/miniconda3/envs/mfl/lib/python3.10/site-packages/sklearn/metrics/_classification.py:2801: UserWarning: y_pred contains classes not in y_true
  warnings.warn("y_pred contains classes not in y_true")
/home/deli/Data/miniconda3/envs/mfl/lib/python3.10/site-packages/sklearn/metrics/_classification.py:2801: UserWarning: y_pred contains classes not in y_true
  warnings.warn("y_pred contains classes not in y_true")
/home/deli/Data/miniconda3/envs/mfl/lib/python3.10/site-packages/sklearn/metrics/_classification.py:2801: UserWarning: y_pred contains classes not in y_true
  warnings.warn("y_pred contains classes not in y_true")
/home/deli/Data/miniconda3/envs/mfl/lib/python3.10/site-packages/sklearn/metrics/_classification.py:2801: UserWarning: y_pred contains classes not in y_true
  warnings.warn("y_pred contains classes not in y_true")
/home/deli/Data/miniconda3/envs/mfl/lib/python3.10/site-packages/sklearn/metrics/_classification.py:2801: UserWarning: y_pred contains classes not in y_true
  warnings.warn("y_pred contains classes not in y_true")
/home/deli/Data/miniconda3/envs/mfl/lib/python3.10/site-packages/sklearn/metrics/_classification.py:2801: UserWarning: y_pred contains classes not in y_true
  warnings.warn("y_pred contains classes not in y_true")
/home/deli/Data/miniconda3/envs/mfl/lib/python3.10/site-packages/sklearn/metrics/_classification.py:534: UserWarning: A single label was found in 'y_true' and 'y_pred'. For the confusion matrix to have the correct shape, use the 'labels' parameter to pass all known labels.
  warnings.warn(
/home/deli/Data/miniconda3/envs/mfl/lib/python3.10/site-packages/sklearn/metrics/_classification.py:534: UserWarning: A single label was found in 'y_true' and 'y_pred'. For the confusion matrix to have the correct shape, use the 'labels' parameter to pass all known labels.
  warnings.warn(
/home/deli/Data/miniconda3/envs/mfl/lib/python3.10/site-packages/sklearn/metrics/_classification.py:534: UserWarning: A single label was found in 'y_true' and 'y_pred'. For the confusion matrix to have the correct shape, use the 'labels' parameter to pass all known labels.
  warnings.warn(
/home/deli/Data/miniconda3/envs/mfl/lib/python3.10/site-packages/sklearn/metrics/_ranking.py:424: UndefinedMetricWarning: Only one class is present in y_true. ROC AUC score is not defined in that case.
  warnings.warn(
/home/deli/Data/miniconda3/envs/mfl/lib/python3.10/site-packages/sklearn/metrics/_classification.py:534: UserWarning: A single label was found in 'y_true' and 'y_pred'. For the confusion matrix to have the correct shape, use the 'labels' parameter to pass all known labels.
  warnings.warn(
/home/deli/Data/miniconda3/envs/mfl/lib/python3.10/site-packages/sklearn/metrics/_ranking.py:424: UndefinedMetricWarning: Only one class is present in y_true. ROC AUC score is not defined in that case.
  warnings.warn(
/home/deli/Data/miniconda3/envs/mfl/lib/python3.10/site-packages/sklearn/metrics/_classification.py:534: UserWarning: A single label was found in 'y_true' and 'y_pred'. For the confusion matrix to have the correct shape, use the 'labels' parameter to pass all known labels.
  warnings.warn(
/home/deli/Data/miniconda3/envs/mfl/lib/python3.10/site-packages/sklearn/metrics/_ranking.py:424: UndefinedMetricWarning: Only one class is present in y_true. ROC AUC score is not defined in that case.
  warnings.warn(
/home/deli/Data/miniconda3/envs/mfl/lib/python3.10/site-packages/sklearn/metrics/_classification.py:534: UserWarning: A single label was found in 'y_true' and 'y_pred'. For the confusion matrix to have the correct shape, use the 'labels' parameter to pass all known labels.
  warnings.warn(
/home/deli/Data/miniconda3/envs/mfl/lib/python3.10/site-packages/sklearn/metrics/_classification.py:534: UserWarning: A single label was found in 'y_true' and 'y_pred'. For the confusion matrix to have the correct shape, use the 'labels' parameter to pass all known labels.
  warnings.warn(
/home/deli/Data/miniconda3/envs/mfl/lib/python3.10/site-packages/sklearn/metrics/_classification.py:534: UserWarning: A single label was found in 'y_true' and 'y_pred'. For the confusion matrix to have the correct shape, use the 'labels' parameter to pass all known labels.
  warnings.warn(
/home/deli/Data/miniconda3/envs/mfl/lib/python3.10/site-packages/sklearn/metrics/_ranking.py:424: UndefinedMetricWarning: Only one class is present in y_true. ROC AUC score is not defined in that case.
  warnings.warn(
/home/deli/Data/miniconda3/envs/mfl/lib/python3.10/site-packages/sklearn/metrics/_classification.py:534: UserWarning: A single label was found in 'y_true' and 'y_pred'. For the confusion matrix to have the correct shape, use the 'labels' parameter to pass all known labels.
  warnings.warn(
/home/deli/Data/miniconda3/envs/mfl/lib/python3.10/site-packages/sklearn/metrics/_ranking.py:424: UndefinedMetricWarning: Only one class is present in y_true. ROC AUC score is not defined in that case.
  warnings.warn(
/home/deli/Data/miniconda3/envs/mfl/lib/python3.10/site-packages/sklearn/metrics/_classification.py:534: UserWarning: A single label was found in 'y_true' and 'y_pred'. For the confusion matrix to have the correct shape, use the 'labels' parameter to pass all known labels.
  warnings.warn(
/home/deli/Data/miniconda3/envs/mfl/lib/python3.10/site-packages/sklearn/metrics/_ranking.py:424: UndefinedMetricWarning: Only one class is present in y_true. ROC AUC score is not defined in that case.
  warnings.warn(
/home/deli/Data/miniconda3/envs/mfl/lib/python3.10/site-packages/sklearn/metrics/_classification.py:534: UserWarning: A single label was found in 'y_true' and 'y_pred'. For the confusion matrix to have the correct shape, use the 'labels' parameter to pass all known labels.
  warnings.warn(
/home/deli/Data/miniconda3/envs/mfl/lib/python3.10/site-packages/sklearn/metrics/_classification.py:534: UserWarning: A single label was found in 'y_true' and 'y_pred'. For the confusion matrix to have the correct shape, use the 'labels' parameter to pass all known labels.
  warnings.warn(
/home/deli/Data/miniconda3/envs/mfl/lib/python3.10/site-packages/sklearn/metrics/_classification.py:534: UserWarning: A single label was found in 'y_true' and 'y_pred'. For the confusion matrix to have the correct shape, use the 'labels' parameter to pass all known labels.
  warnings.warn(
/home/deli/Data/miniconda3/envs/mfl/lib/python3.10/site-packages/sklearn/metrics/_ranking.py:424: UndefinedMetricWarning: Only one class is present in y_true. ROC AUC score is not defined in that case.
  warnings.warn(
/home/deli/Data/miniconda3/envs/mfl/lib/python3.10/site-packages/sklearn/metrics/_classification.py:534: UserWarning: A single label was found in 'y_true' and 'y_pred'. For the confusion matrix to have the correct shape, use the 'labels' parameter to pass all known labels.
  warnings.warn(
/home/deli/Data/miniconda3/envs/mfl/lib/python3.10/site-packages/sklearn/metrics/_ranking.py:424: UndefinedMetricWarning: Only one class is present in y_true. ROC AUC score is not defined in that case.
  warnings.warn(
/home/deli/Data/miniconda3/envs/mfl/lib/python3.10/site-packages/sklearn/metrics/_classification.py:534: UserWarning: A single label was found in 'y_true' and 'y_pred'. For the confusion matrix to have the correct shape, use the 'labels' parameter to pass all known labels.
  warnings.warn(
/home/deli/Data/miniconda3/envs/mfl/lib/python3.10/site-packages/sklearn/metrics/_ranking.py:424: UndefinedMetricWarning: Only one class is present in y_true. ROC AUC score is not defined in that case.
  warnings.warn(
/home/deli/Data/miniconda3/envs/mfl/lib/python3.10/site-packages/sklearn/metrics/_classification.py:2801: UserWarning: y_pred contains classes not in y_true
  warnings.warn("y_pred contains classes not in y_true")
/home/deli/Data/miniconda3/envs/mfl/lib/python3.10/site-packages/sklearn/metrics/_classification.py:2801: UserWarning: y_pred contains classes not in y_true
  warnings.warn("y_pred contains classes not in y_true")
/home/deli/Data/miniconda3/envs/mfl/lib/python3.10/site-packages/sklearn/metrics/_classification.py:2801: UserWarning: y_pred contains classes not in y_true
  warnings.warn("y_pred contains classes not in y_true")
/home/deli/Data/miniconda3/envs/mfl/lib/python3.10/site-packages/sklearn/metrics/_classification.py:2801: UserWarning: y_pred contains classes not in y_true
  warnings.warn("y_pred contains classes not in y_true")
/home/deli/Data/miniconda3/envs/mfl/lib/python3.10/site-packages/sklearn/metrics/_classification.py:2801: UserWarning: y_pred contains classes not in y_true
  warnings.warn("y_pred contains classes not in y_true")
/home/deli/Data/miniconda3/envs/mfl/lib/python3.10/site-packages/sklearn/metrics/_classification.py:2801: UserWarning: y_pred contains classes not in y_true
  warnings.warn("y_pred contains classes not in y_true")
/home/deli/Data/miniconda3/envs/mfl/lib/python3.10/site-packages/sklearn/metrics/_classification.py:2801: UserWarning: y_pred contains classes not in y_true
  warnings.warn("y_pred contains classes not in y_true")
/home/deli/Data/miniconda3/envs/mfl/lib/python3.10/site-packages/sklearn/metrics/_classification.py:2801: UserWarning: y_pred contains classes not in y_true
  warnings.warn("y_pred contains classes not in y_true")
/home/deli/Data/miniconda3/envs/mfl/lib/python3.10/site-packages/sklearn/metrics/_classification.py:2801: UserWarning: y_pred contains classes not in y_true
  warnings.warn("y_pred contains classes not in y_true")
/home/deli/Data/miniconda3/envs/mfl/lib/python3.10/site-packages/sklearn/metrics/_classification.py:2801: UserWarning: y_pred contains classes not in y_true
  warnings.warn("y_pred contains classes not in y_true")
/home/deli/Data/miniconda3/envs/mfl/lib/python3.10/site-packages/sklearn/metrics/_classification.py:2801: UserWarning: y_pred contains classes not in y_true
  warnings.warn("y_pred contains classes not in y_true")
/home/deli/Data/miniconda3/envs/mfl/lib/python3.10/site-packages/sklearn/metrics/_classification.py:98: UserWarning: The number of unique classes is greater than 50% of the number of samples. `y` could represent a regression problem, not a classification problem.
  type_true = type_of_target(y_true, input_name="y_true")
/home/deli/Data/miniconda3/envs/mfl/lib/python3.10/site-packages/sklearn/metrics/_classification.py:98: UserWarning: The number of unique classes is greater than 50% of the number of samples. `y` could represent a regression problem, not a classification problem.
  type_true = type_of_target(y_true, input_name="y_true")
/home/deli/Data/miniconda3/envs/mfl/lib/python3.10/site-packages/sklearn/metrics/_classification.py:99: UserWarning: The number of unique classes is greater than 50% of the number of samples. `y` could represent a regression problem, not a classification problem.
  type_pred = type_of_target(y_pred, input_name="y_pred")
/home/deli/Data/miniconda3/envs/mfl/lib/python3.10/site-packages/sklearn/metrics/_classification.py:98: UserWarning: The number of unique classes is greater than 50% of the number of samples. `y` could represent a regression problem, not a classification problem.
  type_true = type_of_target(y_true, input_name="y_true")
/home/deli/Data/miniconda3/envs/mfl/lib/python3.10/site-packages/sklearn/metrics/_classification.py:99: UserWarning: The number of unique classes is greater than 50% of the number of samples. `y` could represent a regression problem, not a classification problem.
  type_pred = type_of_target(y_pred, input_name="y_pred")
/home/deli/Data/miniconda3/envs/mfl/lib/python3.10/site-packages/sklearn/metrics/_classification.py:98: UserWarning: The number of unique classes is greater than 50% of the number of samples. `y` could represent a regression problem, not a classification problem.
  type_true = type_of_target(y_true, input_name="y_true")
/home/deli/Data/miniconda3/envs/mfl/lib/python3.10/site-packages/sklearn/metrics/_classification.py:99: UserWarning: The number of unique classes is greater than 50% of the number of samples. `y` could represent a regression problem, not a classification problem.
  type_pred = type_of_target(y_pred, input_name="y_pred")
/home/deli/Data/miniconda3/envs/mfl/lib/python3.10/site-packages/sklearn/metrics/_classification.py:98: UserWarning: The number of unique classes is greater than 50% of the number of samples. `y` could represent a regression problem, not a classification problem.
  type_true = type_of_target(y_true, input_name="y_true")
/home/deli/Data/miniconda3/envs/mfl/lib/python3.10/site-packages/sklearn/metrics/_classification.py:98: UserWarning: The number of unique classes is greater than 50% of the number of samples. `y` could represent a regression problem, not a classification problem.
  type_true = type_of_target(y_true, input_name="y_true")
/home/deli/Data/miniconda3/envs/mfl/lib/python3.10/site-packages/sklearn/metrics/_classification.py:98: UserWarning: The number of unique classes is greater than 50% of the number of samples. `y` could represent a regression problem, not a classification problem.
  type_true = type_of_target(y_true, input_name="y_true")
/home/deli/Data/miniconda3/envs/mfl/lib/python3.10/site-packages/sklearn/metrics/_classification.py:98: UserWarning: The number of unique classes is greater than 50% of the number of samples. `y` could represent a regression problem, not a classification problem.
  type_true = type_of_target(y_true, input_name="y_true")
/home/deli/Data/miniconda3/envs/mfl/lib/python3.10/site-packages/sklearn/metrics/_classification.py:98: UserWarning: The number of unique classes is greater than 50% of the number of samples. `y` could represent a regression problem, not a classification problem.
  type_true = type_of_target(y_true, input_name="y_true")
/home/deli/Data/miniconda3/envs/mfl/lib/python3.10/site-packages/sklearn/metrics/_classification.py:98: UserWarning: The number of unique classes is greater than 50% of the number of samples. `y` could represent a regression problem, not a classification problem.
  type_true = type_of_target(y_true, input_name="y_true")
/home/deli/Data/miniconda3/envs/mfl/lib/python3.10/site-packages/sklearn/metrics/_classification.py:99: UserWarning: The number of unique classes is greater than 50% of the number of samples. `y` could represent a regression problem, not a classification problem.
  type_pred = type_of_target(y_pred, input_name="y_pred")
/home/deli/Data/miniconda3/envs/mfl/lib/python3.10/site-packages/sklearn/metrics/_classification.py:98: UserWarning: The number of unique classes is greater than 50% of the number of samples. `y` could represent a regression problem, not a classification problem.
  type_true = type_of_target(y_true, input_name="y_true")
/home/deli/Data/miniconda3/envs/mfl/lib/python3.10/site-packages/sklearn/metrics/_classification.py:99: UserWarning: The number of unique classes is greater than 50% of the number of samples. `y` could represent a regression problem, not a classification problem.
  type_pred = type_of_target(y_pred, input_name="y_pred")
/home/deli/Data/miniconda3/envs/mfl/lib/python3.10/site-packages/sklearn/metrics/_classification.py:98: UserWarning: The number of unique classes is greater than 50% of the number of samples. `y` could represent a regression problem, not a classification problem.
  type_true = type_of_target(y_true, input_name="y_true")
/home/deli/Data/miniconda3/envs/mfl/lib/python3.10/site-packages/sklearn/metrics/_classification.py:99: UserWarning: The number of unique classes is greater than 50% of the number of samples. `y` could represent a regression problem, not a classification problem.
  type_pred = type_of_target(y_pred, input_name="y_pred")
/home/deli/Data/miniconda3/envs/mfl/lib/python3.10/site-packages/sklearn/metrics/_classification.py:98: UserWarning: The number of unique classes is greater than 50% of the number of samples. `y` could represent a regression problem, not a classification problem.
  type_true = type_of_target(y_true, input_name="y_true")
/home/deli/Data/miniconda3/envs/mfl/lib/python3.10/site-packages/sklearn/metrics/_classification.py:99: UserWarning: The number of unique classes is greater than 50% of the number of samples. `y` could represent a regression problem, not a classification problem.
  type_pred = type_of_target(y_pred, input_name="y_pred")
/home/deli/Data/miniconda3/envs/mfl/lib/python3.10/site-packages/sklearn/metrics/_classification.py:98: UserWarning: The number of unique classes is greater than 50% of the number of samples. `y` could represent a regression problem, not a classification problem.
  type_true = type_of_target(y_true, input_name="y_true")
/home/deli/Data/miniconda3/envs/mfl/lib/python3.10/site-packages/sklearn/metrics/_classification.py:99: UserWarning: The number of unique classes is greater than 50% of the number of samples. `y` could represent a regression problem, not a classification problem.
  type_pred = type_of_target(y_pred, input_name="y_pred")
/home/deli/Data/miniconda3/envs/mfl/lib/python3.10/site-packages/sklearn/metrics/_classification.py:98: UserWarning: The number of unique classes is greater than 50% of the number of samples. `y` could represent a regression problem, not a classification problem.
  type_true = type_of_target(y_true, input_name="y_true")
/home/deli/Data/miniconda3/envs/mfl/lib/python3.10/site-packages/sklearn/metrics/_classification.py:99: UserWarning: The number of unique classes is greater than 50% of the number of samples. `y` could represent a regression problem, not a classification problem.
  type_pred = type_of_target(y_pred, input_name="y_pred")
/home/deli/Data/miniconda3/envs/mfl/lib/python3.10/site-packages/sklearn/metrics/_classification.py:98: UserWarning: The number of unique classes is greater than 50% of the number of samples. `y` could represent a regression problem, not a classification problem.
  type_true = type_of_target(y_true, input_name="y_true")
/home/deli/Data/miniconda3/envs/mfl/lib/python3.10/site-packages/sklearn/metrics/_classification.py:99: UserWarning: The number of unique classes is greater than 50% of the number of samples. `y` could represent a regression problem, not a classification problem.
  type_pred = type_of_target(y_pred, input_name="y_pred")
/home/deli/Data/miniconda3/envs/mfl/lib/python3.10/site-packages/sklearn/metrics/_classification.py:98: UserWarning: The number of unique classes is greater than 50% of the number of samples. `y` could represent a regression problem, not a classification problem.
  type_true = type_of_target(y_true, input_name="y_true")
/home/deli/Data/miniconda3/envs/mfl/lib/python3.10/site-packages/sklearn/metrics/_classification.py:99: UserWarning: The number of unique classes is greater than 50% of the number of samples. `y` could represent a regression problem, not a classification problem.
  type_pred = type_of_target(y_pred, input_name="y_pred")
/home/deli/Data/miniconda3/envs/mfl/lib/python3.10/site-packages/sklearn/metrics/_classification.py:98: UserWarning: The number of unique classes is greater than 50% of the number of samples. `y` could represent a regression problem, not a classification problem.
  type_true = type_of_target(y_true, input_name="y_true")
/home/deli/Data/miniconda3/envs/mfl/lib/python3.10/site-packages/sklearn/metrics/_classification.py:99: UserWarning: The number of unique classes is greater than 50% of the number of samples. `y` could represent a regression problem, not a classification problem.
  type_pred = type_of_target(y_pred, input_name="y_pred")
/home/deli/Data/miniconda3/envs/mfl/lib/python3.10/site-packages/sklearn/metrics/_classification.py:98: UserWarning: The number of unique classes is greater than 50% of the number of samples. `y` could represent a regression problem, not a classification problem.
  type_true = type_of_target(y_true, input_name="y_true")
/home/deli/Data/miniconda3/envs/mfl/lib/python3.10/site-packages/sklearn/metrics/_classification.py:99: UserWarning: The number of unique classes is greater than 50% of the number of samples. `y` could represent a regression problem, not a classification problem.
  type_pred = type_of_target(y_pred, input_name="y_pred")
/home/deli/Data/miniconda3/envs/mfl/lib/python3.10/site-packages/sklearn/metrics/_classification.py:98: UserWarning: The number of unique classes is greater than 50% of the number of samples. `y` could represent a regression problem, not a classification problem.
  type_true = type_of_target(y_true, input_name="y_true")
/home/deli/Data/miniconda3/envs/mfl/lib/python3.10/site-packages/sklearn/metrics/_classification.py:99: UserWarning: The number of unique classes is greater than 50% of the number of samples. `y` could represent a regression problem, not a classification problem.
  type_pred = type_of_target(y_pred, input_name="y_pred")
/home/deli/Data/miniconda3/envs/mfl/lib/python3.10/site-packages/sklearn/metrics/_classification.py:98: UserWarning: The number of unique classes is greater than 50% of the number of samples. `y` could represent a regression problem, not a classification problem.
  type_true = type_of_target(y_true, input_name="y_true")
/home/deli/Data/miniconda3/envs/mfl/lib/python3.10/site-packages/sklearn/metrics/_classification.py:99: UserWarning: The number of unique classes is greater than 50% of the number of samples. `y` could represent a regression problem, not a classification problem.
  type_pred = type_of_target(y_pred, input_name="y_pred")
/home/deli/Data/miniconda3/envs/mfl/lib/python3.10/site-packages/sklearn/metrics/_classification.py:98: UserWarning: The number of unique classes is greater than 50% of the number of samples. `y` could represent a regression problem, not a classification problem.
  type_true = type_of_target(y_true, input_name="y_true")
/home/deli/Data/miniconda3/envs/mfl/lib/python3.10/site-packages/sklearn/metrics/_classification.py:99: UserWarning: The number of unique classes is greater than 50% of the number of samples. `y` could represent a regression problem, not a classification problem.
  type_pred = type_of_target(y_pred, input_name="y_pred")
/home/deli/Data/miniconda3/envs/mfl/lib/python3.10/site-packages/sklearn/metrics/_classification.py:98: UserWarning: The number of unique classes is greater than 50% of the number of samples. `y` could represent a regression problem, not a classification problem.
  type_true = type_of_target(y_true, input_name="y_true")
/home/deli/Data/miniconda3/envs/mfl/lib/python3.10/site-packages/sklearn/metrics/_classification.py:99: UserWarning: The number of unique classes is greater than 50% of the number of samples. `y` could represent a regression problem, not a classification problem.
  type_pred = type_of_target(y_pred, input_name="y_pred")
/home/deli/Data/miniconda3/envs/mfl/lib/python3.10/site-packages/sklearn/metrics/_classification.py:98: UserWarning: The number of unique classes is greater than 50% of the number of samples. `y` could represent a regression problem, not a classification problem.
  type_true = type_of_target(y_true, input_name="y_true")
/home/deli/Data/miniconda3/envs/mfl/lib/python3.10/site-packages/sklearn/metrics/_classification.py:99: UserWarning: The number of unique classes is greater than 50% of the number of samples. `y` could represent a regression problem, not a classification problem.
  type_pred = type_of_target(y_pred, input_name="y_pred")
/home/deli/Data/miniconda3/envs/mfl/lib/python3.10/site-packages/sklearn/metrics/_classification.py:2801: UserWarning: y_pred contains classes not in y_true
  warnings.warn("y_pred contains classes not in y_true")
/home/deli/Data/miniconda3/envs/mfl/lib/python3.10/site-packages/sklearn/metrics/_classification.py:98: UserWarning: The number of unique classes is greater than 50% of the number of samples. `y` could represent a regression problem, not a classification problem.
  type_true = type_of_target(y_true, input_name="y_true")
/home/deli/Data/miniconda3/envs/mfl/lib/python3.10/site-packages/sklearn/metrics/_classification.py:99: UserWarning: The number of unique classes is greater than 50% of the number of samples. `y` could represent a regression problem, not a classification problem.
  type_pred = type_of_target(y_pred, input_name="y_pred")
/home/deli/Data/miniconda3/envs/mfl/lib/python3.10/site-packages/sklearn/metrics/_classification.py:98: UserWarning: The number of unique classes is greater than 50% of the number of samples. `y` could represent a regression problem, not a classification problem.
  type_true = type_of_target(y_true, input_name="y_true")
/home/deli/Data/miniconda3/envs/mfl/lib/python3.10/site-packages/sklearn/metrics/_classification.py:99: UserWarning: The number of unique classes is greater than 50% of the number of samples. `y` could represent a regression problem, not a classification problem.
  type_pred = type_of_target(y_pred, input_name="y_pred")
/home/deli/Data/miniconda3/envs/mfl/lib/python3.10/site-packages/sklearn/metrics/_classification.py:98: UserWarning: The number of unique classes is greater than 50% of the number of samples. `y` could represent a regression problem, not a classification problem.
  type_true = type_of_target(y_true, input_name="y_true")
/home/deli/Data/miniconda3/envs/mfl/lib/python3.10/site-packages/sklearn/metrics/_classification.py:99: UserWarning: The number of unique classes is greater than 50% of the number of samples. `y` could represent a regression problem, not a classification problem.
  type_pred = type_of_target(y_pred, input_name="y_pred")
/home/deli/Data/miniconda3/envs/mfl/lib/python3.10/site-packages/sklearn/metrics/_classification.py:98: UserWarning: The number of unique classes is greater than 50% of the number of samples. `y` could represent a regression problem, not a classification problem.
  type_true = type_of_target(y_true, input_name="y_true")
/home/deli/Data/miniconda3/envs/mfl/lib/python3.10/site-packages/sklearn/metrics/_classification.py:99: UserWarning: The number of unique classes is greater than 50% of the number of samples. `y` could represent a regression problem, not a classification problem.
  type_pred = type_of_target(y_pred, input_name="y_pred")
/home/deli/Data/miniconda3/envs/mfl/lib/python3.10/site-packages/sklearn/metrics/_classification.py:98: UserWarning: The number of unique classes is greater than 50% of the number of samples. `y` could represent a regression problem, not a classification problem.
  type_true = type_of_target(y_true, input_name="y_true")
/home/deli/Data/miniconda3/envs/mfl/lib/python3.10/site-packages/sklearn/metrics/_classification.py:99: UserWarning: The number of unique classes is greater than 50% of the number of samples. `y` could represent a regression problem, not a classification problem.
  type_pred = type_of_target(y_pred, input_name="y_pred")
/home/deli/Data/miniconda3/envs/mfl/lib/python3.10/site-packages/sklearn/metrics/_classification.py:98: UserWarning: The number of unique classes is greater than 50% of the number of samples. `y` could represent a regression problem, not a classification problem.
  type_true = type_of_target(y_true, input_name="y_true")
/home/deli/Data/miniconda3/envs/mfl/lib/python3.10/site-packages/sklearn/metrics/_classification.py:99: UserWarning: The number of unique classes is greater than 50% of the number of samples. `y` could represent a regression problem, not a classification problem.
  type_pred = type_of_target(y_pred, input_name="y_pred")
/home/deli/Data/miniconda3/envs/mfl/lib/python3.10/site-packages/sklearn/metrics/_classification.py:98: UserWarning: The number of unique classes is greater than 50% of the number of samples. `y` could represent a regression problem, not a classification problem.
  type_true = type_of_target(y_true, input_name="y_true")
/home/deli/Data/miniconda3/envs/mfl/lib/python3.10/site-packages/sklearn/metrics/_classification.py:99: UserWarning: The number of unique classes is greater than 50% of the number of samples. `y` could represent a regression problem, not a classification problem.
  type_pred = type_of_target(y_pred, input_name="y_pred")
/home/deli/Data/miniconda3/envs/mfl/lib/python3.10/site-packages/sklearn/metrics/_classification.py:98: UserWarning: The number of unique classes is greater than 50% of the number of samples. `y` could represent a regression problem, not a classification problem.
  type_true = type_of_target(y_true, input_name="y_true")
/home/deli/Data/miniconda3/envs/mfl/lib/python3.10/site-packages/sklearn/metrics/_classification.py:99: UserWarning: The number of unique classes is greater than 50% of the number of samples. `y` could represent a regression problem, not a classification problem.
  type_pred = type_of_target(y_pred, input_name="y_pred")
/home/deli/Data/miniconda3/envs/mfl/lib/python3.10/site-packages/sklearn/metrics/_classification.py:98: UserWarning: The number of unique classes is greater than 50% of the number of samples. `y` could represent a regression problem, not a classification problem.
  type_true = type_of_target(y_true, input_name="y_true")
/home/deli/Data/miniconda3/envs/mfl/lib/python3.10/site-packages/sklearn/metrics/_classification.py:99: UserWarning: The number of unique classes is greater than 50% of the number of samples. `y` could represent a regression problem, not a classification problem.
  type_pred = type_of_target(y_pred, input_name="y_pred")
/home/deli/Data/miniconda3/envs/mfl/lib/python3.10/site-packages/sklearn/metrics/_classification.py:98: UserWarning: The number of unique classes is greater than 50% of the number of samples. `y` could represent a regression problem, not a classification problem.
  type_true = type_of_target(y_true, input_name="y_true")
/home/deli/Data/miniconda3/envs/mfl/lib/python3.10/site-packages/sklearn/metrics/_classification.py:99: UserWarning: The number of unique classes is greater than 50% of the number of samples. `y` could represent a regression problem, not a classification problem.
  type_pred = type_of_target(y_pred, input_name="y_pred")
/home/deli/Data/miniconda3/envs/mfl/lib/python3.10/site-packages/sklearn/metrics/_classification.py:98: UserWarning: The number of unique classes is greater than 50% of the number of samples. `y` could represent a regression problem, not a classification problem.
  type_true = type_of_target(y_true, input_name="y_true")
/home/deli/Data/miniconda3/envs/mfl/lib/python3.10/site-packages/sklearn/metrics/_classification.py:99: UserWarning: The number of unique classes is greater than 50% of the number of samples. `y` could represent a regression problem, not a classification problem.
  type_pred = type_of_target(y_pred, input_name="y_pred")
/home/deli/Data/miniconda3/envs/mfl/lib/python3.10/site-packages/sklearn/metrics/_classification.py:98: UserWarning: The number of unique classes is greater than 50% of the number of samples. `y` could represent a regression problem, not a classification problem.
  type_true = type_of_target(y_true, input_name="y_true")
/home/deli/Data/miniconda3/envs/mfl/lib/python3.10/site-packages/sklearn/metrics/_classification.py:99: UserWarning: The number of unique classes is greater than 50% of the number of samples. `y` could represent a regression problem, not a classification problem.
  type_pred = type_of_target(y_pred, input_name="y_pred")
/home/deli/Data/miniconda3/envs/mfl/lib/python3.10/site-packages/sklearn/metrics/_classification.py:98: UserWarning: The number of unique classes is greater than 50% of the number of samples. `y` could represent a regression problem, not a classification problem.
  type_true = type_of_target(y_true, input_name="y_true")
/home/deli/Data/miniconda3/envs/mfl/lib/python3.10/site-packages/sklearn/metrics/_classification.py:99: UserWarning: The number of unique classes is greater than 50% of the number of samples. `y` could represent a regression problem, not a classification problem.
  type_pred = type_of_target(y_pred, input_name="y_pred")
/home/deli/Data/miniconda3/envs/mfl/lib/python3.10/site-packages/sklearn/metrics/_classification.py:98: UserWarning: The number of unique classes is greater than 50% of the number of samples. `y` could represent a regression problem, not a classification problem.
  type_true = type_of_target(y_true, input_name="y_true")
/home/deli/Data/miniconda3/envs/mfl/lib/python3.10/site-packages/sklearn/metrics/_classification.py:99: UserWarning: The number of unique classes is greater than 50% of the number of samples. `y` could represent a regression problem, not a classification problem.
  type_pred = type_of_target(y_pred, input_name="y_pred")
/home/deli/Data/miniconda3/envs/mfl/lib/python3.10/site-packages/sklearn/metrics/_classification.py:98: UserWarning: The number of unique classes is greater than 50% of the number of samples. `y` could represent a regression problem, not a classification problem.
  type_true = type_of_target(y_true, input_name="y_true")
/home/deli/Data/miniconda3/envs/mfl/lib/python3.10/site-packages/sklearn/metrics/_classification.py:99: UserWarning: The number of unique classes is greater than 50% of the number of samples. `y` could represent a regression problem, not a classification problem.
  type_pred = type_of_target(y_pred, input_name="y_pred")
/home/deli/Data/miniconda3/envs/mfl/lib/python3.10/site-packages/sklearn/metrics/_classification.py:98: UserWarning: The number of unique classes is greater than 50% of the number of samples. `y` could represent a regression problem, not a classification problem.
  type_true = type_of_target(y_true, input_name="y_true")
/home/deli/Data/miniconda3/envs/mfl/lib/python3.10/site-packages/sklearn/metrics/_classification.py:99: UserWarning: The number of unique classes is greater than 50% of the number of samples. `y` could represent a regression problem, not a classification problem.
  type_pred = type_of_target(y_pred, input_name="y_pred")
/home/deli/Data/miniconda3/envs/mfl/lib/python3.10/site-packages/sklearn/metrics/_classification.py:534: UserWarning: A single label was found in 'y_true' and 'y_pred'. For the confusion matrix to have the correct shape, use the 'labels' parameter to pass all known labels.
  warnings.warn(
/home/deli/Data/miniconda3/envs/mfl/lib/python3.10/site-packages/sklearn/metrics/_classification.py:534: UserWarning: A single label was found in 'y_true' and 'y_pred'. For the confusion matrix to have the correct shape, use the 'labels' parameter to pass all known labels.
  warnings.warn(
/home/deli/Data/miniconda3/envs/mfl/lib/python3.10/site-packages/sklearn/metrics/_classification.py:534: UserWarning: A single label was found in 'y_true' and 'y_pred'. For the confusion matrix to have the correct shape, use the 'labels' parameter to pass all known labels.
  warnings.warn(
/home/deli/Data/miniconda3/envs/mfl/lib/python3.10/site-packages/sklearn/metrics/_ranking.py:424: UndefinedMetricWarning: Only one class is present in y_true. ROC AUC score is not defined in that case.
  warnings.warn(
/home/deli/Data/miniconda3/envs/mfl/lib/python3.10/site-packages/sklearn/metrics/_classification.py:534: UserWarning: A single label was found in 'y_true' and 'y_pred'. For the confusion matrix to have the correct shape, use the 'labels' parameter to pass all known labels.
  warnings.warn(
/home/deli/Data/miniconda3/envs/mfl/lib/python3.10/site-packages/sklearn/metrics/_ranking.py:424: UndefinedMetricWarning: Only one class is present in y_true. ROC AUC score is not defined in that case.
  warnings.warn(
/home/deli/Data/miniconda3/envs/mfl/lib/python3.10/site-packages/sklearn/metrics/_classification.py:534: UserWarning: A single label was found in 'y_true' and 'y_pred'. For the confusion matrix to have the correct shape, use the 'labels' parameter to pass all known labels.
  warnings.warn(
/home/deli/Data/miniconda3/envs/mfl/lib/python3.10/site-packages/sklearn/metrics/_ranking.py:424: UndefinedMetricWarning: Only one class is present in y_true. ROC AUC score is not defined in that case.
  warnings.warn(
/home/deli/Data/miniconda3/envs/mfl/lib/python3.10/site-packages/sklearn/svm/_base.py:1250: ConvergenceWarning: Liblinear failed to converge, increase the number of iterations.
  warnings.warn(
/home/deli/Data/miniconda3/envs/mfl/lib/python3.10/site-packages/sklearn/metrics/_classification.py:534: UserWarning: A single label was found in 'y_true' and 'y_pred'. For the confusion matrix to have the correct shape, use the 'labels' parameter to pass all known labels.
  warnings.warn(
/home/deli/Data/miniconda3/envs/mfl/lib/python3.10/site-packages/sklearn/metrics/_classification.py:534: UserWarning: A single label was found in 'y_true' and 'y_pred'. For the confusion matrix to have the correct shape, use the 'labels' parameter to pass all known labels.
  warnings.warn(
/home/deli/Data/miniconda3/envs/mfl/lib/python3.10/site-packages/sklearn/metrics/_classification.py:534: UserWarning: A single label was found in 'y_true' and 'y_pred'. For the confusion matrix to have the correct shape, use the 'labels' parameter to pass all known labels.
  warnings.warn(
/home/deli/Data/miniconda3/envs/mfl/lib/python3.10/site-packages/sklearn/metrics/_ranking.py:424: UndefinedMetricWarning: Only one class is present in y_true. ROC AUC score is not defined in that case.
  warnings.warn(
/home/deli/Data/miniconda3/envs/mfl/lib/python3.10/site-packages/sklearn/metrics/_classification.py:534: UserWarning: A single label was found in 'y_true' and 'y_pred'. For the confusion matrix to have the correct shape, use the 'labels' parameter to pass all known labels.
  warnings.warn(
/home/deli/Data/miniconda3/envs/mfl/lib/python3.10/site-packages/sklearn/metrics/_ranking.py:424: UndefinedMetricWarning: Only one class is present in y_true. ROC AUC score is not defined in that case.
  warnings.warn(
/home/deli/Data/miniconda3/envs/mfl/lib/python3.10/site-packages/sklearn/metrics/_classification.py:534: UserWarning: A single label was found in 'y_true' and 'y_pred'. For the confusion matrix to have the correct shape, use the 'labels' parameter to pass all known labels.
  warnings.warn(
/home/deli/Data/miniconda3/envs/mfl/lib/python3.10/site-packages/sklearn/metrics/_ranking.py:424: UndefinedMetricWarning: Only one class is present in y_true. ROC AUC score is not defined in that case.
  warnings.warn(
/home/deli/Data/miniconda3/envs/mfl/lib/python3.10/site-packages/sklearn/metrics/_classification.py:2801: UserWarning: y_pred contains classes not in y_true
  warnings.warn("y_pred contains classes not in y_true")
/home/deli/Data/miniconda3/envs/mfl/lib/python3.10/site-packages/sklearn/metrics/_classification.py:2801: UserWarning: y_pred contains classes not in y_true
  warnings.warn("y_pred contains classes not in y_true")
/home/deli/Data/miniconda3/envs/mfl/lib/python3.10/site-packages/sklearn/metrics/_classification.py:2801: UserWarning: y_pred contains classes not in y_true
  warnings.warn("y_pred contains classes not in y_true")
/home/deli/Data/miniconda3/envs/mfl/lib/python3.10/site-packages/sklearn/metrics/_classification.py:2801: UserWarning: y_pred contains classes not in y_true
  warnings.warn("y_pred contains classes not in y_true")
/home/deli/Data/miniconda3/envs/mfl/lib/python3.10/site-packages/sklearn/metrics/_classification.py:2801: UserWarning: y_pred contains classes not in y_true
  warnings.warn("y_pred contains classes not in y_true")
/home/deli/Data/miniconda3/envs/mfl/lib/python3.10/site-packages/sklearn/svm/_base.py:1250: ConvergenceWarning: Liblinear failed to converge, increase the number of iterations.
  warnings.warn(
/home/deli/Data/miniconda3/envs/mfl/lib/python3.10/site-packages/sklearn/metrics/_classification.py:2801: UserWarning: y_pred contains classes not in y_true
  warnings.warn("y_pred contains classes not in y_true")
/home/deli/Data/miniconda3/envs/mfl/lib/python3.10/site-packages/sklearn/metrics/_classification.py:2801: UserWarning: y_pred contains classes not in y_true
  warnings.warn("y_pred contains classes not in y_true")
/home/deli/Data/miniconda3/envs/mfl/lib/python3.10/site-packages/sklearn/metrics/_classification.py:2801: UserWarning: y_pred contains classes not in y_true
  warnings.warn("y_pred contains classes not in y_true")
/home/deli/Data/miniconda3/envs/mfl/lib/python3.10/site-packages/sklearn/metrics/_classification.py:2801: UserWarning: y_pred contains classes not in y_true
  warnings.warn("y_pred contains classes not in y_true")
/home/deli/Data/miniconda3/envs/mfl/lib/python3.10/site-packages/sklearn/svm/_base.py:1250: ConvergenceWarning: Liblinear failed to converge, increase the number of iterations.
  warnings.warn(
/home/deli/Data/miniconda3/envs/mfl/lib/python3.10/site-packages/sklearn/metrics/_classification.py:534: UserWarning: A single label was found in 'y_true' and 'y_pred'. For the confusion matrix to have the correct shape, use the 'labels' parameter to pass all known labels.
  warnings.warn(
/home/deli/Data/miniconda3/envs/mfl/lib/python3.10/site-packages/sklearn/metrics/_classification.py:534: UserWarning: A single label was found in 'y_true' and 'y_pred'. For the confusion matrix to have the correct shape, use the 'labels' parameter to pass all known labels.
  warnings.warn(
/home/deli/Data/miniconda3/envs/mfl/lib/python3.10/site-packages/sklearn/metrics/_classification.py:534: UserWarning: A single label was found in 'y_true' and 'y_pred'. For the confusion matrix to have the correct shape, use the 'labels' parameter to pass all known labels.
  warnings.warn(
/home/deli/Data/miniconda3/envs/mfl/lib/python3.10/site-packages/sklearn/metrics/_ranking.py:424: UndefinedMetricWarning: Only one class is present in y_true. ROC AUC score is not defined in that case.
  warnings.warn(
/home/deli/Data/miniconda3/envs/mfl/lib/python3.10/site-packages/sklearn/metrics/_classification.py:534: UserWarning: A single label was found in 'y_true' and 'y_pred'. For the confusion matrix to have the correct shape, use the 'labels' parameter to pass all known labels.
  warnings.warn(
/home/deli/Data/miniconda3/envs/mfl/lib/python3.10/site-packages/sklearn/metrics/_ranking.py:424: UndefinedMetricWarning: Only one class is present in y_true. ROC AUC score is not defined in that case.
  warnings.warn(
/home/deli/Data/miniconda3/envs/mfl/lib/python3.10/site-packages/sklearn/metrics/_classification.py:534: UserWarning: A single label was found in 'y_true' and 'y_pred'. For the confusion matrix to have the correct shape, use the 'labels' parameter to pass all known labels.
  warnings.warn(
/home/deli/Data/miniconda3/envs/mfl/lib/python3.10/site-packages/sklearn/metrics/_ranking.py:424: UndefinedMetricWarning: Only one class is present in y_true. ROC AUC score is not defined in that case.
  warnings.warn(
/home/deli/Data/miniconda3/envs/mfl/lib/python3.10/site-packages/sklearn/metrics/_classification.py:534: UserWarning: A single label was found in 'y_true' and 'y_pred'. For the confusion matrix to have the correct shape, use the 'labels' parameter to pass all known labels.
  warnings.warn(
/home/deli/Data/miniconda3/envs/mfl/lib/python3.10/site-packages/sklearn/metrics/_classification.py:534: UserWarning: A single label was found in 'y_true' and 'y_pred'. For the confusion matrix to have the correct shape, use the 'labels' parameter to pass all known labels.
  warnings.warn(
/home/deli/Data/miniconda3/envs/mfl/lib/python3.10/site-packages/sklearn/metrics/_classification.py:534: UserWarning: A single label was found in 'y_true' and 'y_pred'. For the confusion matrix to have the correct shape, use the 'labels' parameter to pass all known labels.
  warnings.warn(
/home/deli/Data/miniconda3/envs/mfl/lib/python3.10/site-packages/sklearn/metrics/_ranking.py:424: UndefinedMetricWarning: Only one class is present in y_true. ROC AUC score is not defined in that case.
  warnings.warn(
/home/deli/Data/miniconda3/envs/mfl/lib/python3.10/site-packages/sklearn/metrics/_classification.py:534: UserWarning: A single label was found in 'y_true' and 'y_pred'. For the confusion matrix to have the correct shape, use the 'labels' parameter to pass all known labels.
  warnings.warn(
/home/deli/Data/miniconda3/envs/mfl/lib/python3.10/site-packages/sklearn/metrics/_ranking.py:424: UndefinedMetricWarning: Only one class is present in y_true. ROC AUC score is not defined in that case.
  warnings.warn(
/home/deli/Data/miniconda3/envs/mfl/lib/python3.10/site-packages/sklearn/metrics/_classification.py:534: UserWarning: A single label was found in 'y_true' and 'y_pred'. For the confusion matrix to have the correct shape, use the 'labels' parameter to pass all known labels.
  warnings.warn(
/home/deli/Data/miniconda3/envs/mfl/lib/python3.10/site-packages/sklearn/metrics/_ranking.py:424: UndefinedMetricWarning: Only one class is present in y_true. ROC AUC score is not defined in that case.
  warnings.warn(
/home/deli/Data/miniconda3/envs/mfl/lib/python3.10/site-packages/sklearn/svm/_base.py:1250: ConvergenceWarning: Liblinear failed to converge, increase the number of iterations.
  warnings.warn(
/home/deli/Data/miniconda3/envs/mfl/lib/python3.10/site-packages/sklearn/metrics/_classification.py:534: UserWarning: A single label was found in 'y_true' and 'y_pred'. For the confusion matrix to have the correct shape, use the 'labels' parameter to pass all known labels.
  warnings.warn(
/home/deli/Data/miniconda3/envs/mfl/lib/python3.10/site-packages/sklearn/metrics/_classification.py:534: UserWarning: A single label was found in 'y_true' and 'y_pred'. For the confusion matrix to have the correct shape, use the 'labels' parameter to pass all known labels.
  warnings.warn(
/home/deli/Data/miniconda3/envs/mfl/lib/python3.10/site-packages/sklearn/metrics/_classification.py:534: UserWarning: A single label was found in 'y_true' and 'y_pred'. For the confusion matrix to have the correct shape, use the 'labels' parameter to pass all known labels.
  warnings.warn(
/home/deli/Data/miniconda3/envs/mfl/lib/python3.10/site-packages/sklearn/metrics/_ranking.py:424: UndefinedMetricWarning: Only one class is present in y_true. ROC AUC score is not defined in that case.
  warnings.warn(
/home/deli/Data/miniconda3/envs/mfl/lib/python3.10/site-packages/sklearn/metrics/_classification.py:534: UserWarning: A single label was found in 'y_true' and 'y_pred'. For the confusion matrix to have the correct shape, use the 'labels' parameter to pass all known labels.
  warnings.warn(
/home/deli/Data/miniconda3/envs/mfl/lib/python3.10/site-packages/sklearn/metrics/_ranking.py:424: UndefinedMetricWarning: Only one class is present in y_true. ROC AUC score is not defined in that case.
  warnings.warn(
/home/deli/Data/miniconda3/envs/mfl/lib/python3.10/site-packages/sklearn/metrics/_classification.py:534: UserWarning: A single label was found in 'y_true' and 'y_pred'. For the confusion matrix to have the correct shape, use the 'labels' parameter to pass all known labels.
  warnings.warn(
/home/deli/Data/miniconda3/envs/mfl/lib/python3.10/site-packages/sklearn/metrics/_ranking.py:424: UndefinedMetricWarning: Only one class is present in y_true. ROC AUC score is not defined in that case.
  warnings.warn(
/home/deli/Data/miniconda3/envs/mfl/lib/python3.10/site-packages/sklearn/metrics/_classification.py:2801: UserWarning: y_pred contains classes not in y_true
  warnings.warn("y_pred contains classes not in y_true")
/home/deli/Data/miniconda3/envs/mfl/lib/python3.10/site-packages/sklearn/metrics/_classification.py:2801: UserWarning: y_pred contains classes not in y_true
  warnings.warn("y_pred contains classes not in y_true")
/home/deli/Data/miniconda3/envs/mfl/lib/python3.10/site-packages/sklearn/metrics/_classification.py:2801: UserWarning: y_pred contains classes not in y_true
  warnings.warn("y_pred contains classes not in y_true")
/home/deli/Data/miniconda3/envs/mfl/lib/python3.10/site-packages/sklearn/metrics/_classification.py:2801: UserWarning: y_pred contains classes not in y_true
  warnings.warn("y_pred contains classes not in y_true")
/home/deli/Data/miniconda3/envs/mfl/lib/python3.10/site-packages/sklearn/metrics/_classification.py:2801: UserWarning: y_pred contains classes not in y_true
  warnings.warn("y_pred contains classes not in y_true")
/home/deli/Data/miniconda3/envs/mfl/lib/python3.10/site-packages/sklearn/svm/_base.py:1250: ConvergenceWarning: Liblinear failed to converge, increase the number of iterations.
  warnings.warn(
/home/deli/Data/miniconda3/envs/mfl/lib/python3.10/site-packages/sklearn/metrics/_classification.py:2801: UserWarning: y_pred contains classes not in y_true
  warnings.warn("y_pred contains classes not in y_true")
/home/deli/Data/miniconda3/envs/mfl/lib/python3.10/site-packages/sklearn/metrics/_classification.py:2801: UserWarning: y_pred contains classes not in y_true
  warnings.warn("y_pred contains classes not in y_true")
/home/deli/Data/miniconda3/envs/mfl/lib/python3.10/site-packages/sklearn/metrics/_classification.py:2801: UserWarning: y_pred contains classes not in y_true
  warnings.warn("y_pred contains classes not in y_true")
/home/deli/Data/miniconda3/envs/mfl/lib/python3.10/site-packages/sklearn/metrics/_classification.py:2801: UserWarning: y_pred contains classes not in y_true
  warnings.warn("y_pred contains classes not in y_true")
/home/deli/Data/miniconda3/envs/mfl/lib/python3.10/site-packages/sklearn/metrics/_classification.py:2801: UserWarning: y_pred contains classes not in y_true
  warnings.warn("y_pred contains classes not in y_true")
/home/deli/Data/miniconda3/envs/mfl/lib/python3.10/site-packages/sklearn/metrics/_classification.py:2801: UserWarning: y_pred contains classes not in y_true
  warnings.warn("y_pred contains classes not in y_true")
/home/deli/Data/miniconda3/envs/mfl/lib/python3.10/site-packages/sklearn/metrics/_classification.py:98: UserWarning: The number of unique classes is greater than 50% of the number of samples. `y` could represent a regression problem, not a classification problem.
  type_true = type_of_target(y_true, input_name="y_true")
/home/deli/Data/miniconda3/envs/mfl/lib/python3.10/site-packages/sklearn/metrics/_classification.py:99: UserWarning: The number of unique classes is greater than 50% of the number of samples. `y` could represent a regression problem, not a classification problem.
  type_pred = type_of_target(y_pred, input_name="y_pred")
/home/deli/Data/miniconda3/envs/mfl/lib/python3.10/site-packages/sklearn/metrics/_classification.py:98: UserWarning: The number of unique classes is greater than 50% of the number of samples. `y` could represent a regression problem, not a classification problem.
  type_true = type_of_target(y_true, input_name="y_true")
/home/deli/Data/miniconda3/envs/mfl/lib/python3.10/site-packages/sklearn/metrics/_classification.py:99: UserWarning: The number of unique classes is greater than 50% of the number of samples. `y` could represent a regression problem, not a classification problem.
  type_pred = type_of_target(y_pred, input_name="y_pred")
/home/deli/Data/miniconda3/envs/mfl/lib/python3.10/site-packages/sklearn/metrics/_classification.py:98: UserWarning: The number of unique classes is greater than 50% of the number of samples. `y` could represent a regression problem, not a classification problem.
  type_true = type_of_target(y_true, input_name="y_true")
/home/deli/Data/miniconda3/envs/mfl/lib/python3.10/site-packages/sklearn/metrics/_classification.py:99: UserWarning: The number of unique classes is greater than 50% of the number of samples. `y` could represent a regression problem, not a classification problem.
  type_pred = type_of_target(y_pred, input_name="y_pred")
/home/deli/Data/miniconda3/envs/mfl/lib/python3.10/site-packages/sklearn/metrics/_classification.py:98: UserWarning: The number of unique classes is greater than 50% of the number of samples. `y` could represent a regression problem, not a classification problem.
  type_true = type_of_target(y_true, input_name="y_true")
/home/deli/Data/miniconda3/envs/mfl/lib/python3.10/site-packages/sklearn/metrics/_classification.py:99: UserWarning: The number of unique classes is greater than 50% of the number of samples. `y` could represent a regression problem, not a classification problem.
  type_pred = type_of_target(y_pred, input_name="y_pred")
/home/deli/Data/miniconda3/envs/mfl/lib/python3.10/site-packages/sklearn/metrics/_classification.py:98: UserWarning: The number of unique classes is greater than 50% of the number of samples. `y` could represent a regression problem, not a classification problem.
  type_true = type_of_target(y_true, input_name="y_true")
/home/deli/Data/miniconda3/envs/mfl/lib/python3.10/site-packages/sklearn/metrics/_classification.py:99: UserWarning: The number of unique classes is greater than 50% of the number of samples. `y` could represent a regression problem, not a classification problem.
  type_pred = type_of_target(y_pred, input_name="y_pred")
/home/deli/Data/miniconda3/envs/mfl/lib/python3.10/site-packages/sklearn/metrics/_classification.py:98: UserWarning: The number of unique classes is greater than 50% of the number of samples. `y` could represent a regression problem, not a classification problem.
  type_true = type_of_target(y_true, input_name="y_true")
/home/deli/Data/miniconda3/envs/mfl/lib/python3.10/site-packages/sklearn/metrics/_classification.py:99: UserWarning: The number of unique classes is greater than 50% of the number of samples. `y` could represent a regression problem, not a classification problem.
  type_pred = type_of_target(y_pred, input_name="y_pred")
/home/deli/Data/miniconda3/envs/mfl/lib/python3.10/site-packages/sklearn/metrics/_classification.py:98: UserWarning: The number of unique classes is greater than 50% of the number of samples. `y` could represent a regression problem, not a classification problem.
  type_true = type_of_target(y_true, input_name="y_true")
/home/deli/Data/miniconda3/envs/mfl/lib/python3.10/site-packages/sklearn/metrics/_classification.py:99: UserWarning: The number of unique classes is greater than 50% of the number of samples. `y` could represent a regression problem, not a classification problem.
  type_pred = type_of_target(y_pred, input_name="y_pred")
/home/deli/Data/miniconda3/envs/mfl/lib/python3.10/site-packages/sklearn/metrics/_classification.py:98: UserWarning: The number of unique classes is greater than 50% of the number of samples. `y` could represent a regression problem, not a classification problem.
  type_true = type_of_target(y_true, input_name="y_true")
/home/deli/Data/miniconda3/envs/mfl/lib/python3.10/site-packages/sklearn/metrics/_classification.py:99: UserWarning: The number of unique classes is greater than 50% of the number of samples. `y` could represent a regression problem, not a classification problem.
  type_pred = type_of_target(y_pred, input_name="y_pred")
/home/deli/Data/miniconda3/envs/mfl/lib/python3.10/site-packages/sklearn/metrics/_classification.py:98: UserWarning: The number of unique classes is greater than 50% of the number of samples. `y` could represent a regression problem, not a classification problem.
  type_true = type_of_target(y_true, input_name="y_true")
/home/deli/Data/miniconda3/envs/mfl/lib/python3.10/site-packages/sklearn/metrics/_classification.py:99: UserWarning: The number of unique classes is greater than 50% of the number of samples. `y` could represent a regression problem, not a classification problem.
  type_pred = type_of_target(y_pred, input_name="y_pred")
/home/deli/Data/miniconda3/envs/mfl/lib/python3.10/site-packages/sklearn/metrics/_classification.py:98: UserWarning: The number of unique classes is greater than 50% of the number of samples. `y` could represent a regression problem, not a classification problem.
  type_true = type_of_target(y_true, input_name="y_true")
/home/deli/Data/miniconda3/envs/mfl/lib/python3.10/site-packages/sklearn/metrics/_classification.py:99: UserWarning: The number of unique classes is greater than 50% of the number of samples. `y` could represent a regression problem, not a classification problem.
  type_pred = type_of_target(y_pred, input_name="y_pred")
/home/deli/Data/miniconda3/envs/mfl/lib/python3.10/site-packages/sklearn/metrics/_classification.py:98: UserWarning: The number of unique classes is greater than 50% of the number of samples. `y` could represent a regression problem, not a classification problem.
  type_true = type_of_target(y_true, input_name="y_true")
/home/deli/Data/miniconda3/envs/mfl/lib/python3.10/site-packages/sklearn/metrics/_classification.py:99: UserWarning: The number of unique classes is greater than 50% of the number of samples. `y` could represent a regression problem, not a classification problem.
  type_pred = type_of_target(y_pred, input_name="y_pred")
/home/deli/Data/miniconda3/envs/mfl/lib/python3.10/site-packages/sklearn/metrics/_classification.py:98: UserWarning: The number of unique classes is greater than 50% of the number of samples. `y` could represent a regression problem, not a classification problem.
  type_true = type_of_target(y_true, input_name="y_true")
/home/deli/Data/miniconda3/envs/mfl/lib/python3.10/site-packages/sklearn/metrics/_classification.py:99: UserWarning: The number of unique classes is greater than 50% of the number of samples. `y` could represent a regression problem, not a classification problem.
  type_pred = type_of_target(y_pred, input_name="y_pred")
/home/deli/Data/miniconda3/envs/mfl/lib/python3.10/site-packages/sklearn/metrics/_classification.py:98: UserWarning: The number of unique classes is greater than 50% of the number of samples. `y` could represent a regression problem, not a classification problem.
  type_true = type_of_target(y_true, input_name="y_true")
/home/deli/Data/miniconda3/envs/mfl/lib/python3.10/site-packages/sklearn/metrics/_classification.py:99: UserWarning: The number of unique classes is greater than 50% of the number of samples. `y` could represent a regression problem, not a classification problem.
  type_pred = type_of_target(y_pred, input_name="y_pred")
/home/deli/Data/miniconda3/envs/mfl/lib/python3.10/site-packages/sklearn/metrics/_classification.py:98: UserWarning: The number of unique classes is greater than 50% of the number of samples. `y` could represent a regression problem, not a classification problem.
  type_true = type_of_target(y_true, input_name="y_true")
/home/deli/Data/miniconda3/envs/mfl/lib/python3.10/site-packages/sklearn/metrics/_classification.py:99: UserWarning: The number of unique classes is greater than 50% of the number of samples. `y` could represent a regression problem, not a classification problem.
  type_pred = type_of_target(y_pred, input_name="y_pred")
/home/deli/Data/miniconda3/envs/mfl/lib/python3.10/site-packages/sklearn/metrics/_classification.py:98: UserWarning: The number of unique classes is greater than 50% of the number of samples. `y` could represent a regression problem, not a classification problem.
  type_true = type_of_target(y_true, input_name="y_true")
/home/deli/Data/miniconda3/envs/mfl/lib/python3.10/site-packages/sklearn/metrics/_classification.py:99: UserWarning: The number of unique classes is greater than 50% of the number of samples. `y` could represent a regression problem, not a classification problem.
  type_pred = type_of_target(y_pred, input_name="y_pred")
/home/deli/Data/miniconda3/envs/mfl/lib/python3.10/site-packages/sklearn/metrics/_classification.py:98: UserWarning: The number of unique classes is greater than 50% of the number of samples. `y` could represent a regression problem, not a classification problem.
  type_true = type_of_target(y_true, input_name="y_true")
/home/deli/Data/miniconda3/envs/mfl/lib/python3.10/site-packages/sklearn/metrics/_classification.py:99: UserWarning: The number of unique classes is greater than 50% of the number of samples. `y` could represent a regression problem, not a classification problem.
  type_pred = type_of_target(y_pred, input_name="y_pred")
/home/deli/Data/miniconda3/envs/mfl/lib/python3.10/site-packages/sklearn/metrics/_classification.py:2801: UserWarning: y_pred contains classes not in y_true
  warnings.warn("y_pred contains classes not in y_true")
/home/deli/Data/miniconda3/envs/mfl/lib/python3.10/site-packages/sklearn/metrics/_classification.py:98: UserWarning: The number of unique classes is greater than 50% of the number of samples. `y` could represent a regression problem, not a classification problem.
  type_true = type_of_target(y_true, input_name="y_true")
/home/deli/Data/miniconda3/envs/mfl/lib/python3.10/site-packages/sklearn/metrics/_classification.py:99: UserWarning: The number of unique classes is greater than 50% of the number of samples. `y` could represent a regression problem, not a classification problem.
  type_pred = type_of_target(y_pred, input_name="y_pred")
/home/deli/Data/miniconda3/envs/mfl/lib/python3.10/site-packages/sklearn/metrics/_classification.py:98: UserWarning: The number of unique classes is greater than 50% of the number of samples. `y` could represent a regression problem, not a classification problem.
  type_true = type_of_target(y_true, input_name="y_true")
/home/deli/Data/miniconda3/envs/mfl/lib/python3.10/site-packages/sklearn/metrics/_classification.py:99: UserWarning: The number of unique classes is greater than 50% of the number of samples. `y` could represent a regression problem, not a classification problem.
  type_pred = type_of_target(y_pred, input_name="y_pred")
/home/deli/Data/miniconda3/envs/mfl/lib/python3.10/site-packages/sklearn/metrics/_classification.py:98: UserWarning: The number of unique classes is greater than 50% of the number of samples. `y` could represent a regression problem, not a classification problem.
  type_true = type_of_target(y_true, input_name="y_true")
/home/deli/Data/miniconda3/envs/mfl/lib/python3.10/site-packages/sklearn/metrics/_classification.py:99: UserWarning: The number of unique classes is greater than 50% of the number of samples. `y` could represent a regression problem, not a classification problem.
  type_pred = type_of_target(y_pred, input_name="y_pred")
/home/deli/Data/miniconda3/envs/mfl/lib/python3.10/site-packages/sklearn/metrics/_classification.py:98: UserWarning: The number of unique classes is greater than 50% of the number of samples. `y` could represent a regression problem, not a classification problem.
  type_true = type_of_target(y_true, input_name="y_true")
/home/deli/Data/miniconda3/envs/mfl/lib/python3.10/site-packages/sklearn/metrics/_classification.py:99: UserWarning: The number of unique classes is greater than 50% of the number of samples. `y` could represent a regression problem, not a classification problem.
  type_pred = type_of_target(y_pred, input_name="y_pred")
/home/deli/Data/miniconda3/envs/mfl/lib/python3.10/site-packages/sklearn/metrics/_classification.py:98: UserWarning: The number of unique classes is greater than 50% of the number of samples. `y` could represent a regression problem, not a classification problem.
  type_true = type_of_target(y_true, input_name="y_true")
/home/deli/Data/miniconda3/envs/mfl/lib/python3.10/site-packages/sklearn/metrics/_classification.py:99: UserWarning: The number of unique classes is greater than 50% of the number of samples. `y` could represent a regression problem, not a classification problem.
  type_pred = type_of_target(y_pred, input_name="y_pred")
/home/deli/Data/miniconda3/envs/mfl/lib/python3.10/site-packages/sklearn/metrics/_classification.py:98: UserWarning: The number of unique classes is greater than 50% of the number of samples. `y` could represent a regression problem, not a classification problem.
  type_true = type_of_target(y_true, input_name="y_true")
/home/deli/Data/miniconda3/envs/mfl/lib/python3.10/site-packages/sklearn/metrics/_classification.py:99: UserWarning: The number of unique classes is greater than 50% of the number of samples. `y` could represent a regression problem, not a classification problem.
  type_pred = type_of_target(y_pred, input_name="y_pred")
/home/deli/Data/miniconda3/envs/mfl/lib/python3.10/site-packages/sklearn/metrics/_classification.py:98: UserWarning: The number of unique classes is greater than 50% of the number of samples. `y` could represent a regression problem, not a classification problem.
  type_true = type_of_target(y_true, input_name="y_true")
/home/deli/Data/miniconda3/envs/mfl/lib/python3.10/site-packages/sklearn/metrics/_classification.py:99: UserWarning: The number of unique classes is greater than 50% of the number of samples. `y` could represent a regression problem, not a classification problem.
  type_pred = type_of_target(y_pred, input_name="y_pred")
/home/deli/Data/miniconda3/envs/mfl/lib/python3.10/site-packages/sklearn/metrics/_classification.py:98: UserWarning: The number of unique classes is greater than 50% of the number of samples. `y` could represent a regression problem, not a classification problem.
  type_true = type_of_target(y_true, input_name="y_true")
/home/deli/Data/miniconda3/envs/mfl/lib/python3.10/site-packages/sklearn/metrics/_classification.py:99: UserWarning: The number of unique classes is greater than 50% of the number of samples. `y` could represent a regression problem, not a classification problem.
  type_pred = type_of_target(y_pred, input_name="y_pred")
/home/deli/Data/miniconda3/envs/mfl/lib/python3.10/site-packages/sklearn/metrics/_classification.py:98: UserWarning: The number of unique classes is greater than 50% of the number of samples. `y` could represent a regression problem, not a classification problem.
  type_true = type_of_target(y_true, input_name="y_true")
/home/deli/Data/miniconda3/envs/mfl/lib/python3.10/site-packages/sklearn/metrics/_classification.py:99: UserWarning: The number of unique classes is greater than 50% of the number of samples. `y` could represent a regression problem, not a classification problem.
  type_pred = type_of_target(y_pred, input_name="y_pred")
/home/deli/Data/miniconda3/envs/mfl/lib/python3.10/site-packages/sklearn/metrics/_classification.py:98: UserWarning: The number of unique classes is greater than 50% of the number of samples. `y` could represent a regression problem, not a classification problem.
  type_true = type_of_target(y_true, input_name="y_true")
/home/deli/Data/miniconda3/envs/mfl/lib/python3.10/site-packages/sklearn/metrics/_classification.py:99: UserWarning: The number of unique classes is greater than 50% of the number of samples. `y` could represent a regression problem, not a classification problem.
  type_pred = type_of_target(y_pred, input_name="y_pred")
/home/deli/Data/miniconda3/envs/mfl/lib/python3.10/site-packages/sklearn/metrics/_classification.py:98: UserWarning: The number of unique classes is greater than 50% of the number of samples. `y` could represent a regression problem, not a classification problem.
  type_true = type_of_target(y_true, input_name="y_true")
/home/deli/Data/miniconda3/envs/mfl/lib/python3.10/site-packages/sklearn/metrics/_classification.py:99: UserWarning: The number of unique classes is greater than 50% of the number of samples. `y` could represent a regression problem, not a classification problem.
  type_pred = type_of_target(y_pred, input_name="y_pred")
/home/deli/Data/miniconda3/envs/mfl/lib/python3.10/site-packages/sklearn/metrics/_classification.py:98: UserWarning: The number of unique classes is greater than 50% of the number of samples. `y` could represent a regression problem, not a classification problem.
  type_true = type_of_target(y_true, input_name="y_true")
/home/deli/Data/miniconda3/envs/mfl/lib/python3.10/site-packages/sklearn/metrics/_classification.py:99: UserWarning: The number of unique classes is greater than 50% of the number of samples. `y` could represent a regression problem, not a classification problem.
  type_pred = type_of_target(y_pred, input_name="y_pred")
/home/deli/Data/miniconda3/envs/mfl/lib/python3.10/site-packages/sklearn/metrics/_classification.py:534: UserWarning: A single label was found in 'y_true' and 'y_pred'. For the confusion matrix to have the correct shape, use the 'labels' parameter to pass all known labels.
  warnings.warn(
/home/deli/Data/miniconda3/envs/mfl/lib/python3.10/site-packages/sklearn/metrics/_classification.py:534: UserWarning: A single label was found in 'y_true' and 'y_pred'. For the confusion matrix to have the correct shape, use the 'labels' parameter to pass all known labels.
  warnings.warn(
/home/deli/Data/miniconda3/envs/mfl/lib/python3.10/site-packages/sklearn/metrics/_classification.py:534: UserWarning: A single label was found in 'y_true' and 'y_pred'. For the confusion matrix to have the correct shape, use the 'labels' parameter to pass all known labels.
  warnings.warn(
/home/deli/Data/miniconda3/envs/mfl/lib/python3.10/site-packages/sklearn/metrics/_ranking.py:424: UndefinedMetricWarning: Only one class is present in y_true. ROC AUC score is not defined in that case.
  warnings.warn(
/home/deli/Data/miniconda3/envs/mfl/lib/python3.10/site-packages/sklearn/metrics/_classification.py:534: UserWarning: A single label was found in 'y_true' and 'y_pred'. For the confusion matrix to have the correct shape, use the 'labels' parameter to pass all known labels.
  warnings.warn(
/home/deli/Data/miniconda3/envs/mfl/lib/python3.10/site-packages/sklearn/metrics/_ranking.py:424: UndefinedMetricWarning: Only one class is present in y_true. ROC AUC score is not defined in that case.
  warnings.warn(
/home/deli/Data/miniconda3/envs/mfl/lib/python3.10/site-packages/sklearn/metrics/_classification.py:534: UserWarning: A single label was found in 'y_true' and 'y_pred'. For the confusion matrix to have the correct shape, use the 'labels' parameter to pass all known labels.
  warnings.warn(
/home/deli/Data/miniconda3/envs/mfl/lib/python3.10/site-packages/sklearn/metrics/_ranking.py:424: UndefinedMetricWarning: Only one class is present in y_true. ROC AUC score is not defined in that case.
  warnings.warn(
/home/deli/Data/miniconda3/envs/mfl/lib/python3.10/site-packages/sklearn/metrics/_classification.py:534: UserWarning: A single label was found in 'y_true' and 'y_pred'. For the confusion matrix to have the correct shape, use the 'labels' parameter to pass all known labels.
  warnings.warn(
/home/deli/Data/miniconda3/envs/mfl/lib/python3.10/site-packages/sklearn/metrics/_classification.py:534: UserWarning: A single label was found in 'y_true' and 'y_pred'. For the confusion matrix to have the correct shape, use the 'labels' parameter to pass all known labels.
  warnings.warn(
/home/deli/Data/miniconda3/envs/mfl/lib/python3.10/site-packages/sklearn/metrics/_classification.py:534: UserWarning: A single label was found in 'y_true' and 'y_pred'. For the confusion matrix to have the correct shape, use the 'labels' parameter to pass all known labels.
  warnings.warn(
/home/deli/Data/miniconda3/envs/mfl/lib/python3.10/site-packages/sklearn/metrics/_ranking.py:424: UndefinedMetricWarning: Only one class is present in y_true. ROC AUC score is not defined in that case.
  warnings.warn(
/home/deli/Data/miniconda3/envs/mfl/lib/python3.10/site-packages/sklearn/metrics/_classification.py:534: UserWarning: A single label was found in 'y_true' and 'y_pred'. For the confusion matrix to have the correct shape, use the 'labels' parameter to pass all known labels.
  warnings.warn(
/home/deli/Data/miniconda3/envs/mfl/lib/python3.10/site-packages/sklearn/metrics/_ranking.py:424: UndefinedMetricWarning: Only one class is present in y_true. ROC AUC score is not defined in that case.
  warnings.warn(
/home/deli/Data/miniconda3/envs/mfl/lib/python3.10/site-packages/sklearn/metrics/_classification.py:534: UserWarning: A single label was found in 'y_true' and 'y_pred'. For the confusion matrix to have the correct shape, use the 'labels' parameter to pass all known labels.
  warnings.warn(
/home/deli/Data/miniconda3/envs/mfl/lib/python3.10/site-packages/sklearn/metrics/_ranking.py:424: UndefinedMetricWarning: Only one class is present in y_true. ROC AUC score is not defined in that case.
  warnings.warn(
/home/deli/Data/miniconda3/envs/mfl/lib/python3.10/site-packages/sklearn/metrics/_classification.py:2801: UserWarning: y_pred contains classes not in y_true
  warnings.warn("y_pred contains classes not in y_true")
/home/deli/Data/miniconda3/envs/mfl/lib/python3.10/site-packages/sklearn/metrics/_classification.py:2801: UserWarning: y_pred contains classes not in y_true
  warnings.warn("y_pred contains classes not in y_true")
/home/deli/Data/miniconda3/envs/mfl/lib/python3.10/site-packages/sklearn/metrics/_classification.py:2801: UserWarning: y_pred contains classes not in y_true
  warnings.warn("y_pred contains classes not in y_true")
/home/deli/Data/miniconda3/envs/mfl/lib/python3.10/site-packages/sklearn/metrics/_classification.py:2801: UserWarning: y_pred contains classes not in y_true
  warnings.warn("y_pred contains classes not in y_true")
/home/deli/Data/miniconda3/envs/mfl/lib/python3.10/site-packages/sklearn/svm/_base.py:1250: ConvergenceWarning: Liblinear failed to converge, increase the number of iterations.
  warnings.warn(
/home/deli/Data/miniconda3/envs/mfl/lib/python3.10/site-packages/sklearn/metrics/_classification.py:2801: UserWarning: y_pred contains classes not in y_true
  warnings.warn("y_pred contains classes not in y_true")
/home/deli/Data/miniconda3/envs/mfl/lib/python3.10/site-packages/sklearn/metrics/_classification.py:2801: UserWarning: y_pred contains classes not in y_true
  warnings.warn("y_pred contains classes not in y_true")
/home/deli/Data/miniconda3/envs/mfl/lib/python3.10/site-packages/sklearn/metrics/_classification.py:2801: UserWarning: y_pred contains classes not in y_true
  warnings.warn("y_pred contains classes not in y_true")
/home/deli/Data/miniconda3/envs/mfl/lib/python3.10/site-packages/sklearn/metrics/_classification.py:2801: UserWarning: y_pred contains classes not in y_true
  warnings.warn("y_pred contains classes not in y_true")
/home/deli/Data/miniconda3/envs/mfl/lib/python3.10/site-packages/sklearn/metrics/_classification.py:534: UserWarning: A single label was found in 'y_true' and 'y_pred'. For the confusion matrix to have the correct shape, use the 'labels' parameter to pass all known labels.
  warnings.warn(
/home/deli/Data/miniconda3/envs/mfl/lib/python3.10/site-packages/sklearn/metrics/_classification.py:534: UserWarning: A single label was found in 'y_true' and 'y_pred'. For the confusion matrix to have the correct shape, use the 'labels' parameter to pass all known labels.
  warnings.warn(
/home/deli/Data/miniconda3/envs/mfl/lib/python3.10/site-packages/sklearn/metrics/_classification.py:534: UserWarning: A single label was found in 'y_true' and 'y_pred'. For the confusion matrix to have the correct shape, use the 'labels' parameter to pass all known labels.
  warnings.warn(
/home/deli/Data/miniconda3/envs/mfl/lib/python3.10/site-packages/sklearn/metrics/_ranking.py:424: UndefinedMetricWarning: Only one class is present in y_true. ROC AUC score is not defined in that case.
  warnings.warn(
/home/deli/Data/miniconda3/envs/mfl/lib/python3.10/site-packages/sklearn/metrics/_classification.py:534: UserWarning: A single label was found in 'y_true' and 'y_pred'. For the confusion matrix to have the correct shape, use the 'labels' parameter to pass all known labels.
  warnings.warn(
/home/deli/Data/miniconda3/envs/mfl/lib/python3.10/site-packages/sklearn/metrics/_ranking.py:424: UndefinedMetricWarning: Only one class is present in y_true. ROC AUC score is not defined in that case.
  warnings.warn(
/home/deli/Data/miniconda3/envs/mfl/lib/python3.10/site-packages/sklearn/metrics/_classification.py:534: UserWarning: A single label was found in 'y_true' and 'y_pred'. For the confusion matrix to have the correct shape, use the 'labels' parameter to pass all known labels.
  warnings.warn(
/home/deli/Data/miniconda3/envs/mfl/lib/python3.10/site-packages/sklearn/metrics/_ranking.py:424: UndefinedMetricWarning: Only one class is present in y_true. ROC AUC score is not defined in that case.
  warnings.warn(
/home/deli/Data/miniconda3/envs/mfl/lib/python3.10/site-packages/sklearn/metrics/_classification.py:534: UserWarning: A single label was found in 'y_true' and 'y_pred'. For the confusion matrix to have the correct shape, use the 'labels' parameter to pass all known labels.
  warnings.warn(
/home/deli/Data/miniconda3/envs/mfl/lib/python3.10/site-packages/sklearn/metrics/_classification.py:534: UserWarning: A single label was found in 'y_true' and 'y_pred'. For the confusion matrix to have the correct shape, use the 'labels' parameter to pass all known labels.
  warnings.warn(
/home/deli/Data/miniconda3/envs/mfl/lib/python3.10/site-packages/sklearn/metrics/_classification.py:534: UserWarning: A single label was found in 'y_true' and 'y_pred'. For the confusion matrix to have the correct shape, use the 'labels' parameter to pass all known labels.
  warnings.warn(
/home/deli/Data/miniconda3/envs/mfl/lib/python3.10/site-packages/sklearn/metrics/_ranking.py:424: UndefinedMetricWarning: Only one class is present in y_true. ROC AUC score is not defined in that case.
  warnings.warn(
/home/deli/Data/miniconda3/envs/mfl/lib/python3.10/site-packages/sklearn/metrics/_classification.py:534: UserWarning: A single label was found in 'y_true' and 'y_pred'. For the confusion matrix to have the correct shape, use the 'labels' parameter to pass all known labels.
  warnings.warn(
/home/deli/Data/miniconda3/envs/mfl/lib/python3.10/site-packages/sklearn/metrics/_ranking.py:424: UndefinedMetricWarning: Only one class is present in y_true. ROC AUC score is not defined in that case.
  warnings.warn(
/home/deli/Data/miniconda3/envs/mfl/lib/python3.10/site-packages/sklearn/metrics/_classification.py:534: UserWarning: A single label was found in 'y_true' and 'y_pred'. For the confusion matrix to have the correct shape, use the 'labels' parameter to pass all known labels.
  warnings.warn(
/home/deli/Data/miniconda3/envs/mfl/lib/python3.10/site-packages/sklearn/metrics/_ranking.py:424: UndefinedMetricWarning: Only one class is present in y_true. ROC AUC score is not defined in that case.
  warnings.warn(
/home/deli/Data/miniconda3/envs/mfl/lib/python3.10/site-packages/sklearn/svm/_base.py:1250: ConvergenceWarning: Liblinear failed to converge, increase the number of iterations.
  warnings.warn(
/home/deli/Data/miniconda3/envs/mfl/lib/python3.10/site-packages/sklearn/metrics/_classification.py:534: UserWarning: A single label was found in 'y_true' and 'y_pred'. For the confusion matrix to have the correct shape, use the 'labels' parameter to pass all known labels.
  warnings.warn(
/home/deli/Data/miniconda3/envs/mfl/lib/python3.10/site-packages/sklearn/metrics/_classification.py:534: UserWarning: A single label was found in 'y_true' and 'y_pred'. For the confusion matrix to have the correct shape, use the 'labels' parameter to pass all known labels.
  warnings.warn(
/home/deli/Data/miniconda3/envs/mfl/lib/python3.10/site-packages/sklearn/metrics/_classification.py:534: UserWarning: A single label was found in 'y_true' and 'y_pred'. For the confusion matrix to have the correct shape, use the 'labels' parameter to pass all known labels.
  warnings.warn(
/home/deli/Data/miniconda3/envs/mfl/lib/python3.10/site-packages/sklearn/metrics/_ranking.py:424: UndefinedMetricWarning: Only one class is present in y_true. ROC AUC score is not defined in that case.
  warnings.warn(
/home/deli/Data/miniconda3/envs/mfl/lib/python3.10/site-packages/sklearn/metrics/_classification.py:534: UserWarning: A single label was found in 'y_true' and 'y_pred'. For the confusion matrix to have the correct shape, use the 'labels' parameter to pass all known labels.
  warnings.warn(
/home/deli/Data/miniconda3/envs/mfl/lib/python3.10/site-packages/sklearn/metrics/_ranking.py:424: UndefinedMetricWarning: Only one class is present in y_true. ROC AUC score is not defined in that case.
  warnings.warn(
/home/deli/Data/miniconda3/envs/mfl/lib/python3.10/site-packages/sklearn/metrics/_classification.py:534: UserWarning: A single label was found in 'y_true' and 'y_pred'. For the confusion matrix to have the correct shape, use the 'labels' parameter to pass all known labels.
  warnings.warn(
/home/deli/Data/miniconda3/envs/mfl/lib/python3.10/site-packages/sklearn/metrics/_ranking.py:424: UndefinedMetricWarning: Only one class is present in y_true. ROC AUC score is not defined in that case.
  warnings.warn(
/home/deli/Data/miniconda3/envs/mfl/lib/python3.10/site-packages/sklearn/metrics/_classification.py:2801: UserWarning: y_pred contains classes not in y_true
  warnings.warn("y_pred contains classes not in y_true")
/home/deli/Data/miniconda3/envs/mfl/lib/python3.10/site-packages/sklearn/metrics/_classification.py:2801: UserWarning: y_pred contains classes not in y_true
  warnings.warn("y_pred contains classes not in y_true")
/home/deli/Data/miniconda3/envs/mfl/lib/python3.10/site-packages/sklearn/metrics/_classification.py:2801: UserWarning: y_pred contains classes not in y_true
  warnings.warn("y_pred contains classes not in y_true")
/home/deli/Data/miniconda3/envs/mfl/lib/python3.10/site-packages/sklearn/metrics/_classification.py:2801: UserWarning: y_pred contains classes not in y_true
  warnings.warn("y_pred contains classes not in y_true")
/home/deli/Data/miniconda3/envs/mfl/lib/python3.10/site-packages/sklearn/metrics/_classification.py:2801: UserWarning: y_pred contains classes not in y_true
  warnings.warn("y_pred contains classes not in y_true")
/home/deli/Data/miniconda3/envs/mfl/lib/python3.10/site-packages/sklearn/svm/_base.py:1250: ConvergenceWarning: Liblinear failed to converge, increase the number of iterations.
  warnings.warn(
/home/deli/Data/miniconda3/envs/mfl/lib/python3.10/site-packages/sklearn/metrics/_classification.py:2801: UserWarning: y_pred contains classes not in y_true
  warnings.warn("y_pred contains classes not in y_true")
/home/deli/Data/miniconda3/envs/mfl/lib/python3.10/site-packages/sklearn/metrics/_classification.py:2801: UserWarning: y_pred contains classes not in y_true
  warnings.warn("y_pred contains classes not in y_true")
/home/deli/Data/miniconda3/envs/mfl/lib/python3.10/site-packages/sklearn/metrics/_classification.py:2801: UserWarning: y_pred contains classes not in y_true
  warnings.warn("y_pred contains classes not in y_true")
/home/deli/Data/miniconda3/envs/mfl/lib/python3.10/site-packages/sklearn/metrics/_classification.py:2801: UserWarning: y_pred contains classes not in y_true
  warnings.warn("y_pred contains classes not in y_true")
/home/deli/Data/miniconda3/envs/mfl/lib/python3.10/site-packages/sklearn/metrics/_classification.py:2801: UserWarning: y_pred contains classes not in y_true
  warnings.warn("y_pred contains classes not in y_true")
/home/deli/Data/miniconda3/envs/mfl/lib/python3.10/site-packages/sklearn/metrics/_classification.py:2801: UserWarning: y_pred contains classes not in y_true
  warnings.warn("y_pred contains classes not in y_true")
/home/deli/Data/miniconda3/envs/mfl/lib/python3.10/site-packages/sklearn/metrics/_classification.py:98: UserWarning: The number of unique classes is greater than 50% of the number of samples. `y` could represent a regression problem, not a classification problem.
  type_true = type_of_target(y_true, input_name="y_true")
/home/deli/Data/miniconda3/envs/mfl/lib/python3.10/site-packages/sklearn/metrics/_classification.py:99: UserWarning: The number of unique classes is greater than 50% of the number of samples. `y` could represent a regression problem, not a classification problem.
  type_pred = type_of_target(y_pred, input_name="y_pred")
/home/deli/Data/miniconda3/envs/mfl/lib/python3.10/site-packages/sklearn/metrics/_classification.py:98: UserWarning: The number of unique classes is greater than 50% of the number of samples. `y` could represent a regression problem, not a classification problem.
  type_true = type_of_target(y_true, input_name="y_true")
/home/deli/Data/miniconda3/envs/mfl/lib/python3.10/site-packages/sklearn/metrics/_classification.py:99: UserWarning: The number of unique classes is greater than 50% of the number of samples. `y` could represent a regression problem, not a classification problem.
  type_pred = type_of_target(y_pred, input_name="y_pred")
/home/deli/Data/miniconda3/envs/mfl/lib/python3.10/site-packages/sklearn/metrics/_classification.py:98: UserWarning: The number of unique classes is greater than 50% of the number of samples. `y` could represent a regression problem, not a classification problem.
  type_true = type_of_target(y_true, input_name="y_true")
/home/deli/Data/miniconda3/envs/mfl/lib/python3.10/site-packages/sklearn/metrics/_classification.py:99: UserWarning: The number of unique classes is greater than 50% of the number of samples. `y` could represent a regression problem, not a classification problem.
  type_pred = type_of_target(y_pred, input_name="y_pred")
/home/deli/Data/miniconda3/envs/mfl/lib/python3.10/site-packages/sklearn/metrics/_classification.py:98: UserWarning: The number of unique classes is greater than 50% of the number of samples. `y` could represent a regression problem, not a classification problem.
  type_true = type_of_target(y_true, input_name="y_true")
/home/deli/Data/miniconda3/envs/mfl/lib/python3.10/site-packages/sklearn/metrics/_classification.py:99: UserWarning: The number of unique classes is greater than 50% of the number of samples. `y` could represent a regression problem, not a classification problem.
  type_pred = type_of_target(y_pred, input_name="y_pred")
/home/deli/Data/miniconda3/envs/mfl/lib/python3.10/site-packages/sklearn/metrics/_classification.py:98: UserWarning: The number of unique classes is greater than 50% of the number of samples. `y` could represent a regression problem, not a classification problem.
  type_true = type_of_target(y_true, input_name="y_true")
/home/deli/Data/miniconda3/envs/mfl/lib/python3.10/site-packages/sklearn/metrics/_classification.py:99: UserWarning: The number of unique classes is greater than 50% of the number of samples. `y` could represent a regression problem, not a classification problem.
  type_pred = type_of_target(y_pred, input_name="y_pred")
/home/deli/Data/miniconda3/envs/mfl/lib/python3.10/site-packages/sklearn/metrics/_classification.py:98: UserWarning: The number of unique classes is greater than 50% of the number of samples. `y` could represent a regression problem, not a classification problem.
  type_true = type_of_target(y_true, input_name="y_true")
/home/deli/Data/miniconda3/envs/mfl/lib/python3.10/site-packages/sklearn/metrics/_classification.py:99: UserWarning: The number of unique classes is greater than 50% of the number of samples. `y` could represent a regression problem, not a classification problem.
  type_pred = type_of_target(y_pred, input_name="y_pred")
/home/deli/Data/miniconda3/envs/mfl/lib/python3.10/site-packages/sklearn/metrics/_classification.py:98: UserWarning: The number of unique classes is greater than 50% of the number of samples. `y` could represent a regression problem, not a classification problem.
  type_true = type_of_target(y_true, input_name="y_true")
/home/deli/Data/miniconda3/envs/mfl/lib/python3.10/site-packages/sklearn/metrics/_classification.py:99: UserWarning: The number of unique classes is greater than 50% of the number of samples. `y` could represent a regression problem, not a classification problem.
  type_pred = type_of_target(y_pred, input_name="y_pred")
/home/deli/Data/miniconda3/envs/mfl/lib/python3.10/site-packages/sklearn/metrics/_classification.py:98: UserWarning: The number of unique classes is greater than 50% of the number of samples. `y` could represent a regression problem, not a classification problem.
  type_true = type_of_target(y_true, input_name="y_true")
/home/deli/Data/miniconda3/envs/mfl/lib/python3.10/site-packages/sklearn/metrics/_classification.py:99: UserWarning: The number of unique classes is greater than 50% of the number of samples. `y` could represent a regression problem, not a classification problem.
  type_pred = type_of_target(y_pred, input_name="y_pred")
/home/deli/Data/miniconda3/envs/mfl/lib/python3.10/site-packages/sklearn/metrics/_classification.py:98: UserWarning: The number of unique classes is greater than 50% of the number of samples. `y` could represent a regression problem, not a classification problem.
  type_true = type_of_target(y_true, input_name="y_true")
/home/deli/Data/miniconda3/envs/mfl/lib/python3.10/site-packages/sklearn/metrics/_classification.py:99: UserWarning: The number of unique classes is greater than 50% of the number of samples. `y` could represent a regression problem, not a classification problem.
  type_pred = type_of_target(y_pred, input_name="y_pred")
/home/deli/Data/miniconda3/envs/mfl/lib/python3.10/site-packages/sklearn/metrics/_classification.py:98: UserWarning: The number of unique classes is greater than 50% of the number of samples. `y` could represent a regression problem, not a classification problem.
  type_true = type_of_target(y_true, input_name="y_true")
/home/deli/Data/miniconda3/envs/mfl/lib/python3.10/site-packages/sklearn/metrics/_classification.py:99: UserWarning: The number of unique classes is greater than 50% of the number of samples. `y` could represent a regression problem, not a classification problem.
  type_pred = type_of_target(y_pred, input_name="y_pred")
/home/deli/Data/miniconda3/envs/mfl/lib/python3.10/site-packages/sklearn/metrics/_classification.py:98: UserWarning: The number of unique classes is greater than 50% of the number of samples. `y` could represent a regression problem, not a classification problem.
  type_true = type_of_target(y_true, input_name="y_true")
/home/deli/Data/miniconda3/envs/mfl/lib/python3.10/site-packages/sklearn/metrics/_classification.py:99: UserWarning: The number of unique classes is greater than 50% of the number of samples. `y` could represent a regression problem, not a classification problem.
  type_pred = type_of_target(y_pred, input_name="y_pred")
/home/deli/Data/miniconda3/envs/mfl/lib/python3.10/site-packages/sklearn/metrics/_classification.py:98: UserWarning: The number of unique classes is greater than 50% of the number of samples. `y` could represent a regression problem, not a classification problem.
  type_true = type_of_target(y_true, input_name="y_true")
/home/deli/Data/miniconda3/envs/mfl/lib/python3.10/site-packages/sklearn/metrics/_classification.py:99: UserWarning: The number of unique classes is greater than 50% of the number of samples. `y` could represent a regression problem, not a classification problem.
  type_pred = type_of_target(y_pred, input_name="y_pred")
/home/deli/Data/miniconda3/envs/mfl/lib/python3.10/site-packages/sklearn/metrics/_classification.py:98: UserWarning: The number of unique classes is greater than 50% of the number of samples. `y` could represent a regression problem, not a classification problem.
  type_true = type_of_target(y_true, input_name="y_true")
/home/deli/Data/miniconda3/envs/mfl/lib/python3.10/site-packages/sklearn/metrics/_classification.py:99: UserWarning: The number of unique classes is greater than 50% of the number of samples. `y` could represent a regression problem, not a classification problem.
  type_pred = type_of_target(y_pred, input_name="y_pred")
/home/deli/Data/miniconda3/envs/mfl/lib/python3.10/site-packages/sklearn/metrics/_classification.py:98: UserWarning: The number of unique classes is greater than 50% of the number of samples. `y` could represent a regression problem, not a classification problem.
  type_true = type_of_target(y_true, input_name="y_true")
/home/deli/Data/miniconda3/envs/mfl/lib/python3.10/site-packages/sklearn/metrics/_classification.py:99: UserWarning: The number of unique classes is greater than 50% of the number of samples. `y` could represent a regression problem, not a classification problem.
  type_pred = type_of_target(y_pred, input_name="y_pred")
/home/deli/Data/miniconda3/envs/mfl/lib/python3.10/site-packages/sklearn/metrics/_classification.py:98: UserWarning: The number of unique classes is greater than 50% of the number of samples. `y` could represent a regression problem, not a classification problem.
  type_true = type_of_target(y_true, input_name="y_true")
/home/deli/Data/miniconda3/envs/mfl/lib/python3.10/site-packages/sklearn/metrics/_classification.py:99: UserWarning: The number of unique classes is greater than 50% of the number of samples. `y` could represent a regression problem, not a classification problem.
  type_pred = type_of_target(y_pred, input_name="y_pred")
/home/deli/Data/miniconda3/envs/mfl/lib/python3.10/site-packages/sklearn/metrics/_classification.py:98: UserWarning: The number of unique classes is greater than 50% of the number of samples. `y` could represent a regression problem, not a classification problem.
  type_true = type_of_target(y_true, input_name="y_true")
/home/deli/Data/miniconda3/envs/mfl/lib/python3.10/site-packages/sklearn/metrics/_classification.py:99: UserWarning: The number of unique classes is greater than 50% of the number of samples. `y` could represent a regression problem, not a classification problem.
  type_pred = type_of_target(y_pred, input_name="y_pred")
/home/deli/Data/miniconda3/envs/mfl/lib/python3.10/site-packages/sklearn/metrics/_classification.py:98: UserWarning: The number of unique classes is greater than 50% of the number of samples. `y` could represent a regression problem, not a classification problem.
  type_true = type_of_target(y_true, input_name="y_true")
/home/deli/Data/miniconda3/envs/mfl/lib/python3.10/site-packages/sklearn/metrics/_classification.py:99: UserWarning: The number of unique classes is greater than 50% of the number of samples. `y` could represent a regression problem, not a classification problem.
  type_pred = type_of_target(y_pred, input_name="y_pred")
/home/deli/Data/miniconda3/envs/mfl/lib/python3.10/site-packages/sklearn/metrics/_classification.py:98: UserWarning: The number of unique classes is greater than 50% of the number of samples. `y` could represent a regression problem, not a classification problem.
  type_true = type_of_target(y_true, input_name="y_true")
/home/deli/Data/miniconda3/envs/mfl/lib/python3.10/site-packages/sklearn/metrics/_classification.py:99: UserWarning: The number of unique classes is greater than 50% of the number of samples. `y` could represent a regression problem, not a classification problem.
  type_pred = type_of_target(y_pred, input_name="y_pred")
/home/deli/Data/miniconda3/envs/mfl/lib/python3.10/site-packages/sklearn/metrics/_classification.py:98: UserWarning: The number of unique classes is greater than 50% of the number of samples. `y` could represent a regression problem, not a classification problem.
  type_true = type_of_target(y_true, input_name="y_true")
/home/deli/Data/miniconda3/envs/mfl/lib/python3.10/site-packages/sklearn/metrics/_classification.py:99: UserWarning: The number of unique classes is greater than 50% of the number of samples. `y` could represent a regression problem, not a classification problem.
  type_pred = type_of_target(y_pred, input_name="y_pred")
/home/deli/Data/miniconda3/envs/mfl/lib/python3.10/site-packages/sklearn/metrics/_classification.py:98: UserWarning: The number of unique classes is greater than 50% of the number of samples. `y` could represent a regression problem, not a classification problem.
  type_true = type_of_target(y_true, input_name="y_true")
/home/deli/Data/miniconda3/envs/mfl/lib/python3.10/site-packages/sklearn/metrics/_classification.py:99: UserWarning: The number of unique classes is greater than 50% of the number of samples. `y` could represent a regression problem, not a classification problem.
  type_pred = type_of_target(y_pred, input_name="y_pred")
/home/deli/Data/miniconda3/envs/mfl/lib/python3.10/site-packages/sklearn/metrics/_classification.py:2801: UserWarning: y_pred contains classes not in y_true
  warnings.warn("y_pred contains classes not in y_true")
/home/deli/Data/miniconda3/envs/mfl/lib/python3.10/site-packages/sklearn/metrics/_classification.py:98: UserWarning: The number of unique classes is greater than 50% of the number of samples. `y` could represent a regression problem, not a classification problem.
  type_true = type_of_target(y_true, input_name="y_true")
/home/deli/Data/miniconda3/envs/mfl/lib/python3.10/site-packages/sklearn/metrics/_classification.py:99: UserWarning: The number of unique classes is greater than 50% of the number of samples. `y` could represent a regression problem, not a classification problem.
  type_pred = type_of_target(y_pred, input_name="y_pred")
/home/deli/Data/miniconda3/envs/mfl/lib/python3.10/site-packages/sklearn/metrics/_classification.py:98: UserWarning: The number of unique classes is greater than 50% of the number of samples. `y` could represent a regression problem, not a classification problem.
  type_true = type_of_target(y_true, input_name="y_true")
/home/deli/Data/miniconda3/envs/mfl/lib/python3.10/site-packages/sklearn/metrics/_classification.py:99: UserWarning: The number of unique classes is greater than 50% of the number of samples. `y` could represent a regression problem, not a classification problem.
  type_pred = type_of_target(y_pred, input_name="y_pred")
/home/deli/Data/miniconda3/envs/mfl/lib/python3.10/site-packages/sklearn/metrics/_classification.py:98: UserWarning: The number of unique classes is greater than 50% of the number of samples. `y` could represent a regression problem, not a classification problem.
  type_true = type_of_target(y_true, input_name="y_true")
/home/deli/Data/miniconda3/envs/mfl/lib/python3.10/site-packages/sklearn/metrics/_classification.py:99: UserWarning: The number of unique classes is greater than 50% of the number of samples. `y` could represent a regression problem, not a classification problem.
  type_pred = type_of_target(y_pred, input_name="y_pred")
/home/deli/Data/miniconda3/envs/mfl/lib/python3.10/site-packages/sklearn/metrics/_classification.py:98: UserWarning: The number of unique classes is greater than 50% of the number of samples. `y` could represent a regression problem, not a classification problem.
  type_true = type_of_target(y_true, input_name="y_true")
/home/deli/Data/miniconda3/envs/mfl/lib/python3.10/site-packages/sklearn/metrics/_classification.py:99: UserWarning: The number of unique classes is greater than 50% of the number of samples. `y` could represent a regression problem, not a classification problem.
  type_pred = type_of_target(y_pred, input_name="y_pred")
/home/deli/Data/miniconda3/envs/mfl/lib/python3.10/site-packages/sklearn/metrics/_classification.py:98: UserWarning: The number of unique classes is greater than 50% of the number of samples. `y` could represent a regression problem, not a classification problem.
  type_true = type_of_target(y_true, input_name="y_true")
/home/deli/Data/miniconda3/envs/mfl/lib/python3.10/site-packages/sklearn/metrics/_classification.py:99: UserWarning: The number of unique classes is greater than 50% of the number of samples. `y` could represent a regression problem, not a classification problem.
  type_pred = type_of_target(y_pred, input_name="y_pred")
/home/deli/Data/miniconda3/envs/mfl/lib/python3.10/site-packages/sklearn/metrics/_classification.py:98: UserWarning: The number of unique classes is greater than 50% of the number of samples. `y` could represent a regression problem, not a classification problem.
  type_true = type_of_target(y_true, input_name="y_true")
/home/deli/Data/miniconda3/envs/mfl/lib/python3.10/site-packages/sklearn/metrics/_classification.py:99: UserWarning: The number of unique classes is greater than 50% of the number of samples. `y` could represent a regression problem, not a classification problem.
  type_pred = type_of_target(y_pred, input_name="y_pred")
/home/deli/Data/miniconda3/envs/mfl/lib/python3.10/site-packages/sklearn/metrics/_classification.py:98: UserWarning: The number of unique classes is greater than 50% of the number of samples. `y` could represent a regression problem, not a classification problem.
  type_true = type_of_target(y_true, input_name="y_true")
/home/deli/Data/miniconda3/envs/mfl/lib/python3.10/site-packages/sklearn/metrics/_classification.py:99: UserWarning: The number of unique classes is greater than 50% of the number of samples. `y` could represent a regression problem, not a classification problem.
  type_pred = type_of_target(y_pred, input_name="y_pred")
/home/deli/Data/miniconda3/envs/mfl/lib/python3.10/site-packages/sklearn/metrics/_classification.py:98: UserWarning: The number of unique classes is greater than 50% of the number of samples. `y` could represent a regression problem, not a classification problem.
  type_true = type_of_target(y_true, input_name="y_true")
/home/deli/Data/miniconda3/envs/mfl/lib/python3.10/site-packages/sklearn/metrics/_classification.py:99: UserWarning: The number of unique classes is greater than 50% of the number of samples. `y` could represent a regression problem, not a classification problem.
  type_pred = type_of_target(y_pred, input_name="y_pred")
/home/deli/Data/miniconda3/envs/mfl/lib/python3.10/site-packages/sklearn/metrics/_classification.py:98: UserWarning: The number of unique classes is greater than 50% of the number of samples. `y` could represent a regression problem, not a classification problem.
  type_true = type_of_target(y_true, input_name="y_true")
/home/deli/Data/miniconda3/envs/mfl/lib/python3.10/site-packages/sklearn/metrics/_classification.py:99: UserWarning: The number of unique classes is greater than 50% of the number of samples. `y` could represent a regression problem, not a classification problem.
  type_pred = type_of_target(y_pred, input_name="y_pred")
/home/deli/Data/miniconda3/envs/mfl/lib/python3.10/site-packages/sklearn/metrics/_classification.py:98: UserWarning: The number of unique classes is greater than 50% of the number of samples. `y` could represent a regression problem, not a classification problem.
  type_true = type_of_target(y_true, input_name="y_true")
/home/deli/Data/miniconda3/envs/mfl/lib/python3.10/site-packages/sklearn/metrics/_classification.py:99: UserWarning: The number of unique classes is greater than 50% of the number of samples. `y` could represent a regression problem, not a classification problem.
  type_pred = type_of_target(y_pred, input_name="y_pred")
/home/deli/Data/miniconda3/envs/mfl/lib/python3.10/site-packages/sklearn/metrics/_classification.py:98: UserWarning: The number of unique classes is greater than 50% of the number of samples. `y` could represent a regression problem, not a classification problem.
  type_true = type_of_target(y_true, input_name="y_true")
/home/deli/Data/miniconda3/envs/mfl/lib/python3.10/site-packages/sklearn/metrics/_classification.py:99: UserWarning: The number of unique classes is greater than 50% of the number of samples. `y` could represent a regression problem, not a classification problem.
  type_pred = type_of_target(y_pred, input_name="y_pred")
/home/deli/Data/miniconda3/envs/mfl/lib/python3.10/site-packages/sklearn/metrics/_classification.py:98: UserWarning: The number of unique classes is greater than 50% of the number of samples. `y` could represent a regression problem, not a classification problem.
  type_true = type_of_target(y_true, input_name="y_true")
/home/deli/Data/miniconda3/envs/mfl/lib/python3.10/site-packages/sklearn/metrics/_classification.py:99: UserWarning: The number of unique classes is greater than 50% of the number of samples. `y` could represent a regression problem, not a classification problem.
  type_pred = type_of_target(y_pred, input_name="y_pred")
{
  "status": "PASS",
  "setting": "image_only",
  "concentration": 0.9,
  "rounds": 150,
  "balanced_attribution_control": false,
  "matrix_validation": {
    "status": "PASS",
    "setting": "image_only",
    "concentration": 0.9,
    "n_runs": 8,
    "n_updates": 14400
  },
  "output_dir": "results/acm_revision/core72_modality_first_v2_postprocess_r150/image_only__c0p9__r150",
  "n_target_task_runs": 5,
  "n_structural_rows": 1530,
  "n_trajectory_rows": 7,
  "representation_note": "head/fusion exact; encoders/all_shared coordinate sketches; full_update signed feature-hash projection using every coordinate"
}
{
  "status": "PASS",
  "output_dir": "results/acm_revision/core72_modality_first_v2_postprocess_r150/image_only__c0p9__r150",
  "smoke": false,
  "target_seeds": [
    42,
    43,
    44,
    45,
    46
  ],
  "n_target_task_runs": 5,
  "groups": {
    "classifier_bias": {
      "cross_partition": {
        "successful_logistic_rows": 5,
        "target_seeds": [
          42,
          43,
          44,
          45,
          46
        ]
      },
      "cross_partition_temporal": {
        "successful_logistic_rows": 5,
        "target_seeds": [
          42,
          43,
          44,
          45,
          46
        ]
      }
    },
    "classifier_weight": {
      "cross_partition": {
        "successful_logistic_rows": 5,
        "target_seeds": [
          42,
          43,
          44,
          45,
          46
        ]
      },
      "cross_partition_temporal": {
        "successful_logistic_rows": 5,
        "target_seeds": [
          42,
          43,
          44,
          45,
          46
        ]
      }
    },
    "classifier_head": {
      "cross_partition": {
        "successful_logistic_rows": 5,
        "target_seeds": [
          42,
          43,
          44,
          45,
          46
        ]
      },
      "cross_partition_temporal": {
        "successful_logistic_rows": 5,
        "target_seeds": [
          42,
          43,
          44,
          45,
          46
        ]
      }
    },
    "fusion": {
      "cross_partition": {
        "successful_logistic_rows": 5,
        "target_seeds": [
          42,
          43,
          44,
          45,
          46
        ]
      },
      "cross_partition_temporal": {
        "successful_logistic_rows": 5,
        "target_seeds": [
          42,
          43,
          44,
          45,
          46
        ]
      }
    },
    "image_encoder": {
      "cross_partition": {
        "successful_logistic_rows": 5,
        "target_seeds": [
          42,
          43,
          44,
          45,
          46
        ]
      },
      "cross_partition_temporal": {
        "successful_logistic_rows": 5,
        "target_seeds": [
          42,
          43,
          44,
          45,
          46
        ]
      }
    },
    "text_encoder": {
      "cross_partition": {
        "successful_logistic_rows": 5,
        "target_seeds": [
          42,
          43,
          44,
          45,
          46
        ]
      },
      "cross_partition_temporal": {
        "successful_logistic_rows": 5,
        "target_seeds": [
          42,
          43,
          44,
          45,
          46
        ]
      }
    },
    "missing_modality": {
      "cross_partition": {
        "successful_logistic_rows": 5,
        "target_seeds": [
          42,
          43,
          44,
          45,
          46
        ]
      },
      "cross_partition_temporal": {
        "successful_logistic_rows": 5,
        "target_seeds": [
          42,
          43,
          44,
          45,
          46
        ]
      }
    },
    "all_shared": {
      "cross_partition": {
        "successful_logistic_rows": 5,
        "target_seeds": [
          42,
          43,
          44,
          45,
          46
        ]
      },
      "cross_partition_temporal": {
        "successful_logistic_rows": 5,
        "target_seeds": [
          42,
          43,
          44,
          45,
          46
        ]
      }
    },
    "full_update": {
      "cross_partition": {
        "successful_logistic_rows": 5,
        "target_seeds": [
          42,
          43,
          44,
          45,
          46
        ]
      },
      "cross_partition_temporal": {
        "successful_logistic_rows": 5,
        "target_seeds": [
          42,
          43,
          44,
          45,
          46
        ]
      }
    }
  },
  "failures": []
}
